gestational_weeks,bmi_analysis,bmi_analysis_z,assisted_conception,age_years,age_years_z,gc_ratio,gc_ratio_z,mapping_ratio,mapping_ratio_z,duplicate_ratio,duplicate_ratio_z,filtered_ratio,filtered_ratio_z,log_raw_reads,log_raw_reads_z,predicted_y_fraction,ci_low,ci_high
11.142857142857142,25.0,-2.4465800158676307,0,28.921992481203006,0.0,0.40064194311278195,0.0,0.7974687833336467,0.0,0.030470472340225558,0.0,0.02306988738392857,0.0,15.343104209438271,0.0,0.052052577791099015,0.039789931771182195,0.06782743034054817
11.261704681872748,25.0,-2.4465800158676307,0,28.921992481203006,0.0,0.40064194311278195,0.0,0.7974687833336467,0.0,0.030470472340225558,0.0,0.02306988738392857,0.0,15.343104209438271,0.0,0.05245087733058571,0.040120917424785935,0.06830045575941955
11.380552220888354,25.0,-2.4465800158676307,0,28.921992481203006,0.0,0.40064194311278195,0.0,0.7974687833336467,0.0,0.030470472340225558,0.0,0.02306988738392857,0.0,15.343104209438271,0.0,0.05285102347252359,0.04045129400322505,0.06877925432416612
11.49939975990396,25.0,-2.4465800158676307,0,28.921992481203006,0.0,0.40064194311278195,0.0,0.7974687833336467,0.0,0.030470472340225558,0.0,0.02306988738392857,0.0,15.343104209438271,0.0,0.05325254048050056,0.04078062496322115,0.069263313428881
11.618247298919567,25.0,-2.4465800158676307,0,28.921992481203006,0.0,0.40064194311278195,0.0,0.7974687833336467,0.0,0.030470472340225558,0.0,0.02306988738392857,0.0,15.343104209438271,0.0,0.05365493899886628,0.04110848388095013,0.06975206988727678
11.737094837935174,25.0,-2.4465800158676307,0,28.921992481203006,0.0,0.40064194311278195,0.0,0.7974687833336467,0.0,0.030470472340225558,0.0,0.02306988738392857,0.0,15.343104209438271,0.0,0.054057715990409344,0.04143445514052737,0.07024490891031475
11.85594237695078,25.0,-2.4465800158676307,0,28.921992481203006,0.0,0.40064194311278195,0.0,0.7974687833336467,0.0,0.030470472340225558,0.0,0.02306988738392857,0.0,15.343104209438271,0.0,0.054460354718015344,0.04175813443084863,0.07074116345886326
11.974789915966387,25.0,-2.4465800158676307,0,28.921992481203006,0.0,0.40064194311278195,0.0,0.7974687833336467,0.0,0.030470472340225558,0.0,0.02306988738392857,0.0,15.343104209438271,0.0,0.054862324772062446,0.04207912903702532,0.07124011399565357
12.093637454981993,25.0,-2.4465800158676307,0,28.921992481203006,0.0,0.40064194311278195,0.0,0.7974687833336467,0.0,0.030470472340225558,0.0,0.02306988738392857,0.0,15.343104209438271,0.0,0.05526308214529368,0.04239705791604514,0.07174098865727173
12.212484993997599,25.0,-2.4465800158676307,0,28.921992481203006,0.0,0.40064194311278195,0.0,0.7974687833336467,0.0,0.030470472340225558,0.0,0.02306988738392857,0.0,15.343104209438271,0.0,0.055662069356876134,0.04271155154973345,0.07224296386325059
12.331332533013205,25.0,-2.4465800158676307,0,28.921992481203006,0.0,0.40064194311278195,0.0,0.7974687833336467,0.0,0.030470472340225558,0.0,0.02306988738392857,0.0,15.343104209438271,0.0,0.05605871562731982,0.0430222515714554,0.07274516537564396
12.450180072028811,25.0,-2.4465800158676307,0,28.921992481203006,0.0,0.40064194311278195,0.0,0.7974687833336467,0.0,0.030470472340225558,0.0,0.02306988738392857,0.0,15.343104209438271,0.0,0.05645243710587795,0.04332881016614613,0.07324666981889895
12.569027611044417,25.0,-2.4465800158676307,0,28.921992481203006,0.0,0.40064194311278195,0.0,0.7974687833336467,0.0,0.030470472340225558,0.0,0.02306988738392857,0.0,15.343104209438271,0.0,0.05684263715199201,0.04363088924608332,0.07374650666650782
12.687875150060023,25.0,-2.4465800158676307,0,28.921992481203006,0.0,0.40064194311278195,0.0,0.7974687833336467,0.0,0.030470472340225558,0.0,0.02306988738392857,0.0,15.343104209438271,0.0,0.05722870667227174,0.04392815940721985,0.07424366069790261
12.80672268907563,25.0,-2.4465800158676307,0,28.921992481203006,0.0,0.40064194311278195,0.0,0.7974687833336467,0.0,0.030470472340225558,0.0,0.02306988738392857,0.0,15.343104209438271,0.0,0.05761002451441961,0.04422029867281636,0.0747370749264291
12.925570228091235,25.0,-2.4465800158676307,0,28.921992481203006,0.0,0.40064194311278195,0.0,0.7974687833336467,0.0,0.030470472340225558,0.0,0.02306988738392857,0.0,15.343104209438271,0.0,0.057985957919413356,0.04450699103250446,0.07522565399703332
13.044417767106843,25.0,-2.4465800158676307,0,28.921992481203006,0.0,0.40064194311278195,0.0,0.7974687833336467,0.0,0.030470472340225558,0.0,0.02306988738392857,0.0,15.343104209438271,0.0,0.05835586303315714,0.04478792478576534,0.07570826805053509
13.163265306122447,25.0,-2.4465800158676307,0,28.921992481203006,0.0,0.40064194311278195,0.0,0.7974687833336467,0.0,0.030470472340225558,0.0,0.02306988738392857,0.0,15.343104209438271,0.0,0.05871908547869247,0.04506279069913241,0.07618375705002904
13.282112845138055,25.0,-2.4465800158676307,0,28.921992481203006,0.0,0.40064194311278195,0.0,0.7974687833336467,0.0,0.030470472340225558,0.0,0.02306988738392857,0.0,15.343104209438271,0.0,0.05907496098993416,0.045331279986262234,0.07665093556401763
13.400960384153661,25.0,-2.4465800158676307,0,28.921992481203006,0.0,0.40064194311278195,0.0,0.7974687833336467,0.0,0.030470472340225558,0.0,0.02306988738392857,0.0,15.343104209438271,0.0,0.05942281610775453,0.04559308211942097,0.07710859800027424
13.519807923169267,25.0,-2.4465800158676307,0,28.921992481203006,0.0,0.40064194311278195,0.0,0.7974687833336467,0.0,0.030470472340225558,0.0,0.02306988738392857,0.0,15.343104209438271,0.0,0.059761968939089374,0.04584788247998353,0.07755552428409353
13.638655462184873,25.0,-2.4465800158676307,0,28.921992481203006,0.0,0.40064194311278195,0.0,0.7974687833336467,0.0,0.030470472340225558,0.0,0.02306988738392857,0.0,15.343104209438271,0.0,0.06009172997957509,0.04609535985433148,0.07799048597441019
13.75750300120048,25.0,-2.4465800158676307,0,28.921992481203006,0.0,0.40064194311278195,0.0,0.7974687833336467,0.0,0.030470472340225558,0.0,0.02306988738392857,0.0,15.343104209438271,0.0,0.06041140300005365,0.04633518378016999,0.07841225281116175
13.876350540216086,25.0,-2.4465800158676307,0,28.921992481203006,0.0,0.40064194311278195,0.0,0.7974687833336467,0.0,0.030470472340225558,0.0,0.02306988738392857,0.0,15.343104209438271,0.0,0.06072028599709524,0.0465670117468815,0.07881959968711238
13.995198079231692,25.0,-2.4465800158676307,0,28.921992481203006,0.0,0.40064194311278195,0.0,0.7974687833336467,0.0,0.030470472340225558,0.0,0.02306988738392857,0.0,15.343104209438271,0.0,0.06101767220749424,0.04679048625222431,0.07921131403702722
14.114045618247298,25.0,-2.4465800158676307,0,28.921992481203006,0.0,0.40064194311278195,0.0,0.7974687833336467,0.0,0.030470472340225558,0.0,0.02306988738392857,0.0,15.343104209438271,0.0,0.06130285118648511,0.047005231716608274,0.07958620363643983
14.232893157262904,25.0,-2.4465800158676307,0,28.921992481203006,0.0,0.40064194311278195,0.0,0.7974687833336467,0.0,0.030470472340225558,0.0,0.02306988738392857,0.0,15.343104209438271,0.0,0.06157510994920959,0.047210851255493416,0.07994310480115323
14.351740696278512,25.0,-2.4465800158676307,0,28.921992481203006,0.0,0.40064194311278195,0.0,0.7974687833336467,0.0,0.030470472340225558,0.0,0.02306988738392857,0.0,15.343104209438271,0.0,0.06183373417473641,0.0474069233103328,0.0802808909768719
14.470588235294116,25.0,-2.4465800158676307,0,28.921992481203006,0.0,0.40064194311278195,0.0,0.7974687833336467,0.0,0.030470472340225558,0.0,0.02306988738392857,0.0,15.343104209438271,0.0,0.06207800947169936,0.04759299813911437,0.0805984817058035
14.589435774309724,25.0,-2.4465800158676307,0,28.921992481203006,0.0,0.40064194311278195,0.0,0.7974687833336467,0.0,0.030470472340225558,0.0,0.02306988738392857,0.0,15.343104209438271,0.0,0.0623072459938643,0.04776861004645416,0.08089488527683686
14.70828331332533,25.0,-2.4465800158676307,0,28.921992481203006,0.0,0.40064194311278195,0.0,0.7974687833336467,0.0,0.030470472340225558,0.0,0.02306988738392857,0.0,15.343104209438271,0.0,0.0625214378274789,0.04793372369684215,0.08117014736267006
14.827130852340936,25.0,-2.4465800158676307,0,28.921992481203006,0.0,0.40064194311278195,0.0,0.7974687833336467,0.0,0.030470472340225558,0.0,0.02306988738392857,0.0,15.343104209438271,0.0,0.06272136559780055,0.048088809160017676,0.08142548919279831
14.945978391356542,25.0,-2.4465800158676307,0,28.921992481203006,0.0,0.40064194311278195,0.0,0.7974687833336467,0.0,0.030470472340225558,0.0,0.02306988738392857,0.0,15.343104209438271,0.0,0.06290787250508129,0.048234356591364096,0.08166225803926927
15.064825930372148,25.0,-2.4465800158676307,0,28.921992481203006,0.0,0.40064194311278195,0.0,0.7974687833336467,0.0,0.030470472340225558,0.0,0.02306988738392857,0.0,15.343104209438271,0.0,0.06308182107423779,0.0483708535310192,0.08188185418084111
15.183673469387754,25.0,-2.4465800158676307,0,28.921992481203006,0.0,0.40064194311278195,0.0,0.7974687833336467,0.0,0.030470472340225558,0.0,0.02306988738392857,0.0,15.343104209438271,0.0,0.06324409135942584,0.04849879003242147,0.0820857179117242
15.30252100840336,25.0,-2.4465800158676307,0,28.921992481203006,0.0,0.40064194311278195,0.0,0.7974687833336467,0.0,0.030470472340225558,0.0,0.02306988738392857,0.0,15.343104209438271,0.0,0.06339557925818577,0.04861866345571222,0.08227531740398773
15.421368547418968,25.0,-2.4465800158676307,0,28.921992481203006,0.0,0.40064194311278195,0.0,0.7974687833336467,0.0,0.030470472340225558,0.0,0.02306988738392857,0.0,15.343104209438271,0.0,0.06353719494017955,0.04873098290466287,0.08245213747392872
15.540216086434572,25.0,-2.4465800158676307,0,28.921992481203006,0.0,0.40064194311278195,0.0,0.7974687833336467,0.0,0.030470472340225558,0.0,0.02306988738392857,0.0,15.343104209438271,0.0,0.0636698613949794,0.04883627328582939,0.0826176692977752
15.65906362545018,25.0,-2.4465800158676307,0,28.921992481203006,0.0,0.40064194311278195,0.0,0.7974687833336467,0.0,0.030470472340225558,0.0,0.02306988738392857,0.0,15.343104209438271,0.0,0.06379451310284984,0.048935078968851735,0.08277340111737451
15.777911164465785,25.0,-2.4465800158676307,0,28.921992481203006,0.0,0.40064194311278195,0.0,0.7974687833336467,0.0,0.030470472340225558,0.0,0.02306988738392857,0.0,15.343104209438271,0.0,0.06391209483198579,0.04902796702751519,0.08292080997171102
15.896758703481392,25.0,-2.4465800158676307,0,28.921992481203006,0.0,0.40064194311278195,0.0,0.7974687833336467,0.0,0.030470472340225558,0.0,0.02306988738392857,0.0,15.343104209438271,0.0,0.06402356056523575,0.049115530042580374,0.08306135448501624
16.015606242497,25.0,-2.4465800158676307,0,28.921992481203006,0.0,0.40064194311278195,0.0,0.7974687833336467,0.0,0.030470472340225558,0.0,0.02306988738392857,0.0,15.343104209438271,0.0,0.06412987255894607,0.04919838844957235,0.08319646873677615
16.134453781512605,25.0,-2.4465800158676307,0,28.921992481203006,0.0,0.40064194311278195,0.0,0.7974687833336467,0.0,0.030470472340225558,0.0,0.02306988738392857,0.0,15.343104209438271,0.0,0.06423200053621765,0.0492771924177232,0.08332755723309843
16.25330132052821,25.0,-2.4465800158676307,0,28.921992481203006,0.0,0.40064194311278195,0.0,0.7974687833336467,0.0,0.030470472340225558,0.0,0.02306988738392857,0.0,15.343104209438271,0.0,0.06433092101656422,0.049352623250006604,0.08345599099274713
16.372148859543817,25.0,-2.4465800158676307,0,28.921992481203006,0.0,0.40064194311278195,0.0,0.7974687833336467,0.0,0.030470472340225558,0.0,0.02306988738392857,0.0,15.343104209438271,0.0,0.06442761678370819,0.04942539429854872,0.08358310475483896
16.490996398559425,25.0,-2.4465800158676307,0,28.921992481203006,0.0,0.40064194311278195,0.0,0.7974687833336467,0.0,0.030470472340225558,0.0,0.02306988738392857,0.0,15.343104209438271,0.0,0.0645230764930421,0.04949625139442537,0.08371019530893814
16.60984393757503,25.0,-2.4465800158676307,0,28.921992481203006,0.0,0.40064194311278195,0.0,0.7974687833336467,0.0,0.030470472340225558,0.0,0.02306988738392857,0.0,15.343104209438271,0.0,0.06461829442012348,0.04956597279569507,0.0838385209423559
16.728691476590637,25.0,-2.4465800158676307,0,28.921992481203006,0.0,0.40064194311278195,0.0,0.7974687833336467,0.0,0.030470472340225558,0.0,0.02306988738392857,0.0,15.343104209438271,0.0,0.06471427035146042,0.04963536866216411,0.08396930199416613
16.84753901560624,25.0,-2.4465800158676307,0,28.921992481203006,0.0,0.40064194311278195,0.0,0.7974687833336467,0.0,0.030470472340225558,0.0,0.02306988738392857,0.0,15.343104209438271,0.0,0.0648120096187787,0.049705280069507515,0.08410372250110427
16.96638655462185,25.0,-2.4465800158676307,0,28.921992481203006,0.0,0.40064194311278195,0.0,0.7974687833336467,0.0,0.030470472340225558,0.0,0.02306988738392857,0.0,15.343104209438271,0.0,0.06491252327794873,0.04977657757865997,0.08424293291745735
17.085234093637453,25.0,-2.4465800158676307,0,28.921992481203006,0.0,0.40064194311278195,0.0,0.7974687833336467,0.0,0.030470472340225558,0.0,0.02306988738392857,0.0,15.343104209438271,0.0,0.06501682843378216,0.04985015937853711,0.084388053889566
17.20408163265306,25.0,-2.4465800158676307,0,28.921992481203006,0.0,0.40064194311278195,0.0,0.7974687833336467,0.0,0.030470472340225558,0.0,0.02306988738392857,0.0,15.343104209438271,0.0,0.06512594871199097,0.04992694902088556,0.08454018106592004
17.32292917166867,25.0,-2.4465800158676307,0,28.921992481203006,0.0,0.40064194311278195,0.0,0.7974687833336467,0.0,0.030470472340225558,0.0,0.02306988738392857,0.0,15.343104209438271,0.0,0.06524091487973485,0.05000789276518098,0.08470039092624464
17.441776710684273,25.0,-2.4465800158676307,0,28.921992481203006,0.0,0.40064194311278195,0.0,0.7974687833336467,0.0,0.030470472340225558,0.0,0.02306988738392857,0.0,15.343104209438271,0.0,0.06536276561636255,0.05009395654883715,0.08486974761759647
17.560624249699877,25.0,-2.4465800158676307,0,28.921992481203006,0.0,0.40064194311278195,0.0,0.7974687833336467,0.0,0.030470472340225558,0.0,0.02306988738392857,0.0,15.343104209438271,0.0,0.06549254843618697,0.050186122593484976,0.08504931079240644
17.679471788715485,25.0,-2.4465800158676307,0,28.921992481203006,0.0,0.40064194311278195,0.0,0.7974687833336467,0.0,0.030470472340225558,0.0,0.02306988738392857,0.0,15.343104209438271,0.0,0.0656313207654147,0.050285385651710174,0.08524014445262217
17.798319327731093,25.0,-2.4465800158676307,0,28.921992481203006,0.0,0.40064194311278195,0.0,0.7974687833336467,0.0,0.030470472340225558,0.0,0.02306988738392857,0.0,15.343104209438271,0.0,0.06578015117568436,0.05039274889047659,0.08544332681556102
17.917166866746697,25.0,-2.4465800158676307,0,28.921992481203006,0.0,0.40064194311278195,0.0,0.7974687833336467,0.0,0.030470472340225558,0.0,0.02306988738392857,0.0,15.343104209438271,0.0,0.0659401207770549,0.05050921939764966,0.08565996123064999
18.036014405762305,25.0,-2.4465800158676307,0,28.921992481203006,0.0,0.40064194311278195,0.0,0.7974687833336467,0.0,0.030470472340225558,0.0,0.02306988738392857,0.0,15.343104209438271,0.0,0.0661123247737209,0.05063580328679502,0.08589118819167599
18.15486194477791,25.0,-2.4465800158676307,0,28.921992481203006,0.0,0.40064194311278195,0.0,0.7974687833336467,0.0,0.030470472340225558,0.0,0.02306988738392857,0.0,15.343104209438271,0.0,0.06629787399332744,0.050773500190452805,0.08613819829755849
18.273709483793517,25.0,-2.4465800158676307,0,28.921992481203006,0.0,0.40064194311278195,0.0,0.7974687833336467,0.0,0.030470472340225558,0.0,0.02306988738392857,0.0,15.343104209438271,0.0,0.0664976472382185,0.05092307415526993,0.08640197669776518
18.39255702280912,25.0,-2.4465800158676307,0,28.921992481203006,0.0,0.40064194311278195,0.0,0.7974687833336467,0.0,0.030470472340225558,0.0,0.02306988738392857,0.0,15.343104209438271,0.0,0.0667117980124186,0.05108460664041046,0.08668277879338891
18.51140456182473,25.0,-2.4465800158676307,0,28.921992481203006,0.0,0.40064194311278195,0.0,0.7974687833336467,0.0,0.030470472340225558,0.0,0.02306988738392857,0.0,15.343104209438271,0.0,0.06694035157294495,0.05125803327939545,0.08698077208011648
18.630252100840337,25.0,-2.4465800158676307,0,28.921992481203006,0.0,0.40064194311278195,0.0,0.7974687833336467,0.0,0.030470472340225558,0.0,0.02306988738392857,0.0,15.343104209438271,0.0,0.06718334046399015,0.05144327115734717,0.0872961729027618
18.74909963985594,25.0,-2.4465800158676307,0,28.921992481203006,0.0,0.40064194311278195,0.0,0.7974687833336467,0.0,0.030470472340225558,0.0,0.02306988738392857,0.0,15.343104209438271,0.0,0.0674408044235444,0.051640224472634076,0.08762923688246627
18.867947178871546,25.0,-2.4465800158676307,0,28.921992481203006,0.0,0.40064194311278195,0.0,0.7974687833336467,0.0,0.030470472340225558,0.0,0.02306988738392857,0.0,15.343104209438271,0.0,0.06771279029481635,0.05184878981591398,0.08798024997865599
18.986794717887154,25.0,-2.4465800158676307,0,28.921992481203006,0.0,0.40064194311278195,0.0,0.7974687833336467,0.0,0.030470472340225558,0.0,0.02306988738392857,0.0,15.343104209438271,0.0,0.06799935194220227,0.052068861093307425,0.08834952015137083
19.10564225690276,25.0,-2.4465800158676307,0,28.921992481203006,0.0,0.40064194311278195,0.0,0.7974687833336467,0.0,0.030470472340225558,0.0,0.02306988738392857,0.0,15.343104209438271,0.0,0.06830055017155774,0.05230033411426374,0.08873736959709924
19.224489795918366,25.0,-2.4465800158676307,0,28.921992481203006,0.0,0.40064194311278195,0.0,0.7974687833336467,0.0,0.030470472340225558,0.0,0.02306988738392857,0.0,15.343104209438271,0.0,0.06861645265453012,0.05254311085839316,0.08914412753886741
19.34333733493397,25.0,-2.4465800158676307,0,28.921992481203006,0.0,0.40064194311278195,0.0,0.7974687833336467,0.0,0.030470472340225558,0.0,0.02306988738392857,0.0,15.343104209438271,0.0,0.06894713385671365,0.052797103429449176,0.08957012355872616
19.46218487394958,25.0,-2.4465800158676307,0,28.921992481203006,0.0,0.40064194311278195,0.0,0.7974687833336467,0.0,0.030470472340225558,0.0,0.02306988738392857,0.0,15.343104209438271,0.0,0.06929267496939147,0.05306223769899764,0.09001568146771775
19.581032412965186,25.0,-2.4465800158676307,0,28.921992481203006,0.0,0.40064194311278195,0.0,0.7974687833336467,0.0,0.030470472340225558,0.0,0.02306988738392857,0.0,15.343104209438271,0.0,0.06965316384463298,0.05333845663728941,0.09048111371470541
19.69987995198079,25.0,-2.4465800158676307,0,28.921992481203006,0.0,0.40064194311278195,0.0,0.7974687833336467,0.0,0.030470472340225558,0.0,0.02306988738392857,0.0,15.343104209438271,0.0,0.07002869493351653,0.05362572332458379,0.09096671634098558
19.818727490996398,25.0,-2.4465800158676307,0,28.921992481203006,0.0,0.40064194311278195,0.0,0.7974687833336467,0.0,0.030470472340225558,0.0,0.02306988738392857,0.0,15.343104209438271,0.0,0.07041936922724915,0.05392402363272765,0.09147276449230557
19.937575030012006,25.0,-2.4465800158676307,0,28.921992481203006,0.0,0.40064194311278195,0.0,0.7974687833336467,0.0,0.030470472340225558,0.0,0.02306988738392857,0.0,15.343104209438271,0.0,0.07082529420095825,0.05423336856419795,0.09199950850376419
20.05642256902761,25.0,-2.4465800158676307,0,28.921992481203006,0.0,0.40064194311278195,0.0,0.7974687833336467,0.0,0.030470472340225558,0.0,0.02306988738392857,0.0,15.343104209438271,0.0,0.07124658375992962,0.05455379623403782,0.09254717057609411
20.175270108043215,25.0,-2.4465800158676307,0,28.921992481203006,0.0,0.40064194311278195,0.0,0.7974687833336467,0.0,0.030470472340225558,0.0,0.02306988738392857,0.0,15.343104209438271,0.0,0.07168335818806948,0.05488537347908313,0.09311594206410578
20.294117647058822,25.0,-2.4465800158676307,0,28.921992481203006,0.0,0.40064194311278195,0.0,0.7974687833336467,0.0,0.030470472340225558,0.0,0.02306988738392857,0.0,15.343104209438271,0.0,0.07213574409836583,0.05522819707846655,0.0937059813997131
20.41296518607443,25.0,-2.4465800158676307,0,28.921992481203006,0.0,0.40064194311278195,0.0,0.7974687833336467,0.0,0.030470472340225558,0.0,0.02306988738392857,0.0,15.343104209438271,0.0,0.07260387438512898,0.055582394569453825,0.09431741267313076
20.531812725090035,25.0,-2.4465800158676307,0,28.921992481203006,0.0,0.40064194311278195,0.0,0.7974687833336467,0.0,0.030470472340225558,0.0,0.02306988738392857,0.0,15.343104209438271,0.0,0.07308788817778704,0.05594812464301297,0.09495032489670312
20.650660264105642,25.0,-2.4465800158676307,0,28.921992481203006,0.0,0.40064194311278195,0.0,0.7974687833336467,0.0,0.030470472340225558,0.0,0.02306988738392857,0.0,15.343104209438271,0.0,0.07358793079601493,0.056325577103950225,0.09560477197661003
20.76950780312125,25.0,-2.4465800158676307,0,28.921992481203006,0.0,0.40064194311278195,0.0,0.7974687833336467,0.0,0.030470472340225558,0.0,0.02306988738392857,0.0,15.343104209438271,0.0,0.07410415370597352,0.05671497238073695,0.09628077341860512
20.888355342136855,25.0,-2.4465800158676307,0,28.921992481203006,0.0,0.40064194311278195,0.0,0.7974687833336467,0.0,0.030470472340225558,0.0,0.02306988738392857,0.0,15.343104209438271,0.0,0.07463671447743551,0.057116560570085115,0.09697831579520119
21.00720288115246,25.0,-2.4465800158676307,0,28.921992481203006,0.0,0.40064194311278195,0.0,0.7974687833336467,0.0,0.030470472340225558,0.0,0.02306988738392857,0.0,15.343104209438271,0.0,0.07518577674157262,0.05753062000069223,0.09769735500352787
21.126050420168067,25.0,-2.4465800158676307,0,28.921992481203006,0.0,0.40064194311278195,0.0,0.7974687833336467,0.0,0.030470472340225558,0.0,0.02306988738392857,0.0,15.343104209438271,0.0,0.07575151014917922,0.05795745529917735,0.0984378193456476
21.244897959183675,25.0,-2.4465800158676307,0,28.921992481203006,0.0,0.40064194311278195,0.0,0.7974687833336467,0.0,0.030470472340225558,0.0,0.02306988738392857,0.0,15.343104209438271,0.0,0.07633409032910324,0.05839739493890023,0.09919961346657852
21.36374549819928,25.0,-2.4465800158676307,0,28.921992481203006,0.0,0.40064194311278195,0.0,0.7974687833336467,0.0,0.030470472340225558,0.0,0.02306988738392857,0.0,15.343104209438271,0.0,0.07693369884665666,0.058850788248965356,0.09998262318978435
21.482593037214883,25.0,-2.4465800158676307,0,28.921992481203006,0.0,0.40064194311278195,0.0,0.7974687833336467,0.0,0.030470472340225558,0.0,0.02306988738392857,0.0,15.343104209438271,0.0,0.0775505231617733,0.05931800185617129,0.1007867212955146
21.60144057623049,25.0,-2.4465800158676307,0,28.921992481203006,0.0,0.40064194311278195,0.0,0.7974687833336467,0.0,0.030470472340225558,0.0,0.02306988738392857,0.0,15.343104209438271,0.0,0.07818475658668077,0.059799415526927045,0.101611774294179
21.7202881152461,25.0,-2.4465800158676307,0,28.921992481203006,0.0,0.40064194311278195,0.0,0.7974687833336467,0.0,0.030470472340225558,0.0,0.02306988738392857,0.0,15.343104209438271,0.0,0.07883659824285041,0.06029541736923827,0.1024576502548786
21.839135654261703,25.0,-2.4465800158676307,0,28.921992481203006,0.0,0.40064194311278195,0.0,0.7974687833336467,0.0,0.030470472340225558,0.0,0.02306988738392857,0.0,15.343104209438271,0.0,0.07950625301698712,0.06080639834683102,0.10332422775823925
21.95798319327731,25.0,-2.4465800158676307,0,28.921992481203006,0.0,0.40064194311278195,0.0,0.7974687833336467,0.0,0.030470472340225558,0.0,0.02306988738392857,0.0,15.343104209438271,0.0,0.08019392889292964,0.06133273997982281,0.1042114092541063
22.07683073229292,25.0,-2.4465800158676307,0,28.921992481203006,0.0,0.40064194311278195,0.0,0.7974687833336467,0.0,0.030470472340225558,0.0,0.02306988738392857,0.0,15.343104209438271,0.0,0.0808997904182808,0.061874698625772315,0.10511919099088682
22.195678271308523,25.0,-2.4465800158676307,0,28.921992481203006,0.0,0.40064194311278195,0.0,0.7974687833336467,0.0,0.030470472340225558,0.0,0.02306988738392857,0.0,15.343104209438271,0.0,0.08162396246971476,0.06243240460996954,0.10604767371175683
22.314525810324128,25.0,-2.4465800158676307,0,28.921992481203006,0.0,0.40064194311278195,0.0,0.7974687833336467,0.0,0.030470472340225558,0.0,0.02306988738392857,0.0,15.343104209438271,0.0,0.08236657075553408,0.06300595391766146,0.10699701626197977
22.433373349339735,25.0,-2.4465800158676307,0,28.921992481203006,0.0,0.40064194311278195,0.0,0.7974687833336467,0.0,0.030470472340225558,0.0,0.02306988738392857,0.0,15.343104209438271,0.0,0.08312774303503162,0.06359541186955686,0.10796743252209157
22.552220888355343,25.0,-2.4465800158676307,0,28.921992481203006,0.0,0.40064194311278195,0.0,0.7974687833336467,0.0,0.030470472340225558,0.0,0.02306988738392857,0.0,15.343104209438271,0.0,0.08390760887300908,0.06420081337085431,0.10895919014766699
22.671068427370948,25.0,-2.4465800158676307,0,28.921992481203006,0.0,0.40064194311278195,0.0,0.7974687833336467,0.0,0.030470472340225558,0.0,0.02306988738392857,0.0,15.343104209438271,0.0,0.08470629938985558,0.06482216308455045,0.10997260938211752
22.789915966386552,25.0,-2.4465800158676307,0,28.921992481203006,0.0,0.40064194311278195,0.0,0.7974687833336467,0.0,0.030470472340225558,0.0,0.02306988738392857,0.0,15.343104209438271,0.0,0.08552394700696178,0.06545943554402454,0.11100806192373087
22.90876350540216,25.0,-2.4465800158676307,0,28.921992481203006,0.0,0.40064194311278195,0.0,0.7974687833336467,0.0,0.030470472340225558,0.0,0.02306988738392857,0.0,15.343104209438271,0.0,0.08636068518725676,0.06611257522157347,0.11206596982659381
23.027611044417768,25.0,-2.4465800158676307,0,28.921992481203006,0.0,0.40064194311278195,0.0,0.7974687833336467,0.0,0.030470472340225558,0.0,0.02306988738392857,0.0,15.343104209438271,0.0,0.08721664817067147,0.06678149657101139,0.11314680441371498
23.146458583433372,25.0,-2.4465800158676307,0,28.921992481203006,0.0,0.40064194311278195,0.0,0.7974687833336467,0.0,0.030470472340225558,0.0,0.02306988738392857,0.0,15.343104209438271,0.0,0.08809197070434716,0.06746608406365737,0.11425108517956856
23.26530612244898,25.0,-2.4465800158676307,0,28.921992481203006,0.0,0.40064194311278195,0.0,0.7974687833336467,0.0,0.030470472340225558,0.0,0.02306988738392857,0.0,15.343104209438271,0.0,0.08898678776742144,0.0681661922380117,0.11537937865841565
23.384153661464588,25.0,-2.4465800158676307,0,28.921992481203006,0.0,0.40064194311278195,0.0,0.7974687833336467,0.0,0.030470472340225558,0.0,0.02306988738392857,0.0,15.343104209438271,0.0,0.08990123429024206,0.0688816457841512,0.11653229723415084
23.503001200480192,25.0,-2.4465800158676307,0,28.921992481203006,0.0,0.40064194311278195,0.0,0.7974687833336467,0.0,0.030470472340225558,0.0,0.02306988738392857,0.0,15.343104209438271,0.0,0.09083544486787623,0.06961223968433676,0.1177104978670861
23.621848739495796,25.0,-2.4465800158676307,0,28.921992481203006,0.0,0.40064194311278195,0.0,0.7974687833336467,0.0,0.030470472340225558,0.0,0.02306988738392857,0.0,15.343104209438271,0.0,0.09178955346779812,0.07035773943148012,0.11891468071305318
23.740696278511404,25.0,-2.4465800158676307,0,28.921992481203006,0.0,0.40064194311278195,0.0,0.7974687833336467,0.0,0.030470472340225558,0.0,0.02306988738392857,0.0,15.343104209438271,0.0,0.09276369313165858,0.07111788134693627,0.12014558761053175
23.859543817527012,25.0,-2.4465800158676307,0,28.921992481203006,0.0,0.40064194311278195,0.0,0.7974687833336467,0.0,0.030470472340225558,0.0,0.02306988738392857,0.0,15.343104209438271,0.0,0.09375799567105811,0.07189237301852101,0.1214040004122153
23.978391356542616,25.0,-2.4465800158676307,0,28.921992481203006,0.0,0.40064194311278195,0.0,0.7974687833336467,0.0,0.030470472340225558,0.0,0.02306988738392857,0.0,15.343104209438271,0.0,0.09477259135726442,0.07268089387866258,0.12269073913857907
24.09723889555822,25.0,-2.4465800158676307,0,28.921992481203006,0.0,0.40064194311278195,0.0,0.7974687833336467,0.0,0.030470472340225558,0.0,0.02306988738392857,0.0,15.343104209438271,0.0,0.09580760860483643,0.07348309594114401,0.12400665993262576
24.21608643457383,25.0,-2.4465800158676307,0,28.921992481203006,0.0,0.40064194311278195,0.0,0.7974687833336467,0.0,0.030470472340225558,0.0,0.02306988738392857,0.0,15.343104209438271,0.0,0.09686317364913823,0.07429860471294597,0.12535265279711522
24.334933973589436,25.0,-2.4465800158676307,0,28.921992481203006,0.0,0.40064194311278195,0.0,0.7974687833336467,0.0,0.030470472340225558,0.0,0.02306988738392857,0.0,15.343104209438271,0.0,0.09793941021774649,0.07512702029523495,0.12672963909823176
24.45378151260504,25.0,-2.4465800158676307,0,28.921992481203006,0.0,0.40064194311278195,0.0,0.7974687833336467,0.0,0.030470472340225558,0.0,0.02306988738392857,0.0,15.343104209438271,0.0,0.09903643919578062,0.07596791868455983,0.1281385688228352
24.57262905162065,25.0,-2.4465800158676307,0,28.921992481203006,0.0,0.40064194311278195,0.0,0.7974687833336467,0.0,0.030470472340225558,0.0,0.02306988738392857,0.0,15.343104209438271,0.0,0.1001543782852061,0.076820853281826,0.1295804175801499
24.691476590636256,25.0,-2.4465800158676307,0,28.921992481203006,0.0,0.40064194311278195,0.0,0.7974687833336467,0.0,0.030470472340225558,0.0,0.02306988738392857,0.0,15.343104209438271,0.0,0.10129334165818496,0.07768535661264782,0.13105618334294464
24.81032412965186,25.0,-2.4465800158676307,0,28.921992481203006,0.0,0.40064194311278195,0.0,0.7974687833336467,0.0,0.030470472340225558,0.0,0.02306988738392857,0.0,15.343104209438271,0.0,0.10245343960457574,0.07856094225830353,0.13256688292789126
24.929171668667465,25.0,-2.4465800158676307,0,28.921992481203006,0.0,0.40064194311278195,0.0,0.7974687833336467,0.0,0.030470472340225558,0.0,0.02306988738392857,0.0,15.343104209438271,0.0,0.10363477817370578,0.07944710699180144,0.13411354821976024
25.048019207683073,25.0,-2.4465800158676307,0,28.921992481203006,0.0,0.40064194311278195,0.0,0.7974687833336467,0.0,0.030470472340225558,0.0,0.02306988738392857,0.0,15.343104209438271,0.0,0.10483745881056958,0.08034333310864225,0.1356972221493272
25.16686674669868,25.0,-2.4465800158676307,0,28.921992481203006,0.0,0.40064194311278195,0.0,0.7974687833336467,0.0,0.030470472340225558,0.0,0.02306988738392857,0.0,15.343104209438271,0.0,0.10606157798663018,0.08124909093684851,0.1373189544401742
25.285714285714285,25.0,-2.4465800158676307,0,28.921992481203006,0.0,0.40064194311278195,0.0,0.7974687833336467,0.0,0.030470472340225558,0.0,0.02306988738392857,0.0,15.343104209438271,0.0,0.10730722682543024,0.08216384150589165,0.13897979714483016
11.142857142857142,30.0,-0.7669628621973206,0,28.921992481203006,0.0,0.40064194311278195,0.0,0.7974687833336467,0.0,0.030470472340225558,0.0,0.02306988738392857,0.0,15.343104209438271,0.0,0.05945251344264047,0.05469090522575028,0.0646003558141139
11.261704681872748,30.0,-0.7669628621973206,0,28.921992481203006,0.0,0.40064194311278195,0.0,0.7974687833336467,0.0,0.030470472340225558,0.0,0.02306988738392857,0.0,15.343104209438271,0.0,0.05990385811319815,0.055235920776288014,0.06493916344736415
11.380552220888354,30.0,-0.7669628621973206,0,28.921992481203006,0.0,0.40064194311278195,0.0,0.7974687833336467,0.0,0.030470472340225558,0.0,0.02306988738392857,0.0,15.343104209438271,0.0,0.06035724102584284,0.05577728594071493,0.06528726023055924
11.49939975990396,30.0,-0.7669628621973206,0,28.921992481203006,0.0,0.40064194311278195,0.0,0.7974687833336467,0.0,0.030470472340225558,0.0,0.02306988738392857,0.0,15.343104209438271,0.0,0.06081212250441272,0.05631359635814753,0.06564500881310234
11.618247298919567,30.0,-0.7669628621973206,0,28.921992481203006,0.0,0.40064194311278195,0.0,0.7974687833336467,0.0,0.030470472340225558,0.0,0.02306988738392857,0.0,15.343104209438271,0.0,0.06126794770358335,0.05684347429188237,0.06601270095402283
11.737094837935174,30.0,-0.7669628621973206,0,28.921992481203006,0.0,0.40064194311278195,0.0,0.7974687833336467,0.0,0.030470472340225558,0.0,0.02306988738392857,0.0,15.343104209438271,0.0,0.061724146549314185,0.057365594097046745,0.06639053171143723
11.85594237695078,30.0,-0.7669628621973206,0,28.921992481203006,0.0,0.40064194311278195,0.0,0.7974687833336467,0.0,0.030470472340225558,0.0,0.02306988738392857,0.0,15.343104209438271,0.0,0.06218013372836929,0.05787870951883242,0.06677857200309115
11.974789915966387,30.0,-0.7669628621973206,0,28.921992481203006,0.0,0.40064194311278195,0.0,0.7974687833336467,0.0,0.030470472340225558,0.0,0.02306988738392857,0.0,15.343104209438271,0.0,0.06263530872877836,0.05838168127493352,0.06717674109557745
12.093637454981993,30.0,-0.7669628621973206,0,28.921992481203006,0.0,0.40064194311278195,0.0,0.7974687833336467,0.0,0.030470472340225558,0.0,0.02306988738392857,0.0,15.343104209438271,0.0,0.06308905593308066,0.05887350298334733,0.06758478097210896
12.212484993997599,30.0,-0.7669628621973206,0,28.921992481203006,0.0,0.40064194311278195,0.0,0.7974687833336467,0.0,0.030470472340225558,0.0,0.02306988738392857,0.0,15.343104209438271,0.0,0.06354074476615805,0.059353323296088216,0.06800223472905645
12.331332533013205,30.0,-0.7669628621973206,0,28.921992481203006,0.0,0.40064194311278195,0.0,0.7974687833336467,0.0,0.030470472340225558,0.0,0.02306988738392857,0.0,15.343104209438271,0.0,0.06398972989941827,0.059820462180065634,0.06842843107039066
12.450180072028811,30.0,-0.7669628621973206,0,28.921992481203006,0.0,0.40064194311278195,0.0,0.7974687833336467,0.0,0.030470472340225558,0.0,0.02306988738392857,0.0,15.343104209438271,0.0,0.06443535151303048,0.06027441968863569,0.06886247656643273
12.569027611044417,30.0,-0.7669628621973206,0,28.921992481203006,0.0,0.40064194311278195,0.0,0.7974687833336467,0.0,0.030470472340225558,0.0,0.02306988738392857,0.0,15.343104209438271,0.0,0.06487693561784817,0.06071487625720116,0.0693032566528819
12.687875150060023,30.0,-0.7669628621973206,0,28.921992481203006,0.0,0.40064194311278195,0.0,0.7974687833336467,0.0,0.030470472340225558,0.0,0.02306988738392857,0.0,15.343104209438271,0.0,0.06531379443857209,0.0611416844227864,0.06974944547885721
12.80672268907563,30.0,-0.7669628621973206,0,28.921992481203006,0.0,0.40064194311278195,0.0,0.7974687833336467,0.0,0.030470472340225558,0.0,0.02306988738392857,0.0,15.343104209438271,0.0,0.06574522685961626,0.061554852748361547,0.07019952383106834
12.925570228091235,30.0,-0.7669628621973206,0,28.921992481203006,0.0,0.40064194311278195,0.0,0.7974687833336467,0.0,0.030470472340225558,0.0,0.02306988738392857,0.0,15.343104209438271,0.0,0.06617051893503474,0.061954523460158506,0.07065180363287836
13.044417767106843,30.0,-0.7669628621973206,0,28.921992481203006,0.0,0.40064194311278195,0.0,0.7974687833336467,0.0,0.030470472340225558,0.0,0.02306988738392857,0.0,15.343104209438271,0.0,0.06658894446375387,0.062340945756021796,0.07110445706624394
13.163265306122447,30.0,-0.7669628621973206,0,28.921992481203006,0.0,0.40064194311278195,0.0,0.7974687833336467,0.0,0.030470472340225558,0.0,0.02306988738392857,0.0,15.343104209438271,0.0,0.06699976563122592,0.06271444686532751,0.071555548240943
13.282112845138055,30.0,-0.7669628621973206,0,28.921992481203006,0.0,0.40064194311278195,0.0,0.7974687833336467,0.0,0.030470472340225558,0.0,0.02306988738392857,0.0,15.343104209438271,0.0,0.06740223371848432,0.063075402764497,0.07200306551083296
13.400960384153661,30.0,-0.7669628621973206,0,28.921992481203006,0.0,0.40064194311278195,0.0,0.7974687833336467,0.0,0.030470472340225558,0.0,0.02306988738392857,0.0,15.343104209438271,0.0,0.06779558987942924,0.06342421006119613,0.07244495292654075
13.519807923169267,30.0,-0.7669628621973206,0,28.921992481203006,0.0,0.40064194311278195,0.0,0.7974687833336467,0.0,0.030470472340225558,0.0,0.02306988738392857,0.0,15.343104209438271,0.0,0.0681790659870125,0.06376126006204148,0.07287913981089092
13.638655462184873,30.0,-0.7669628621973206,0,28.921992481203006,0.0,0.40064194311278195,0.0,0.7974687833336467,0.0,0.030470472340225558,0.0,0.02306988738392857,0.0,15.343104209438271,0.0,0.06855188554881825,0.06408691553139638,0.07330356794915818
13.75750300120048,30.0,-0.7669628621973206,0,28.921992481203006,0.0,0.40064194311278195,0.0,0.7974687833336467,0.0,0.030470472340225558,0.0,0.02306988738392857,0.0,15.343104209438271,0.0,0.06891326469235282,0.06440149020290352,0.0737162163306242
13.876350540216086,30.0,-0.7669628621973206,0,28.921992481203006,0.0,0.40064194311278195,0.0,0.7974687833336467,0.0,0.030470472340225558,0.0,0.02306988738392857,0.0,15.343104209438271,0.0,0.06926241322016265,0.06470523075733749,0.07411512372435206
13.995198079231692,30.0,-0.7669628621973206,0,28.921992481203006,0.0,0.40064194311278195,0.0,0.7974687833336467,0.0,0.030470472340225558,0.0,0.02306988738392857,0.0,15.343104209438271,0.0,0.0695985357346954,0.06499830073780813,0.07449840961293856
14.114045618247298,30.0,-0.7669628621973206,0,28.921992481203006,0.0,0.40064194311278195,0.0,0.7974687833336467,0.0,0.030470472340225558,0.0,0.02306988738392857,0.0,15.343104209438271,0.0,0.06992083283260268,0.06528076572471544,0.07486429415484505
14.232893157262904,30.0,-0.7669628621973206,0,28.921992481203006,0.0,0.40064194311278195,0.0,0.7974687833336467,0.0,0.030470472340225558,0.0,0.02306988738392857,0.0,15.343104209438271,0.0,0.07022850236795866,0.06555257901754831,0.07521111791936028
14.351740696278512,30.0,-0.7669628621973206,0,28.921992481203006,0.0,0.40064194311278195,0.0,0.7974687833336467,0.0,0.030470472340225558,0.0,0.02306988738392857,0.0,15.343104209438271,0.0,0.07052074078363181,0.06581356704716283,0.07553736215976936
14.470588235294116,30.0,-0.7669628621973206,0,28.921992481203006,0.0,0.40064194311278195,0.0,0.7974687833336467,0.0,0.030470472340225558,0.0,0.02306988738392857,0.0,15.343104209438271,0.0,0.07079674450980325,0.06606341375373483,0.07584167037675073
14.589435774309724,30.0,-0.7669628621973206,0,28.921992481203006,0.0,0.40064194311278195,0.0,0.7974687833336467,0.0,0.030470472340225558,0.0,0.02306988738392857,0.0,15.343104209438271,0.0,0.07105573774011932,0.06630165960217234,0.07612290932293998
14.70828331332533,30.0,-0.7669628621973206,0,28.921992481203006,0.0,0.40064194311278195,0.0,0.7974687833336467,0.0,0.030470472340225558,0.0,0.02306988738392857,0.0,15.343104209438271,0.0,0.07129771729507715,0.0665281526101744,0.07638124430121293
14.827130852340936,30.0,-0.7669628621973206,0,28.921992481203006,0.0,0.40064194311278195,0.0,0.7974687833336467,0.0,0.030470472340225558,0.0,0.02306988738392857,0.0,15.343104209438271,0.0,0.07152356826391242,0.0667431460150122,0.07661827452259787
14.945978391356542,30.0,-0.7669628621973206,0,28.921992481203006,0.0,0.40064194311278195,0.0,0.7974687833336467,0.0,0.030470472340225558,0.0,0.02306988738392857,0.0,15.343104209438271,0.0,0.07173424599244375,0.06694682651884093,0.07683582525592016
15.064825930372148,30.0,-0.7669628621973206,0,28.921992481203006,0.0,0.40064194311278195,0.0,0.7974687833336467,0.0,0.030470472340225558,0.0,0.02306988738392857,0.0,15.343104209438271,0.0,0.07193072724989344,0.0671393138354554,0.0770358435317872
15.183673469387754,30.0,-0.7669628621973206,0,28.921992481203006,0.0,0.40064194311278195,0.0,0.7974687833336467,0.0,0.030470472340225558,0.0,0.02306988738392857,0.0,15.343104209438271,0.0,0.0721140082329325,0.06732068783004563,0.07722036241574708
15.30252100840336,30.0,-0.7669628621973206,0,28.921992481203006,0.0,0.40064194311278195,0.0,0.7974687833336467,0.0,0.030470472340225558,0.0,0.02306988738392857,0.0,15.343104209438271,0.0,0.07228510269266365,0.06749101492431342,0.07739146658552627
15.421368547418968,30.0,-0.7669628621973206,0,28.921992481203006,0.0,0.40064194311278195,0.0,0.7974687833336467,0.0,0.030470472340225558,0.0,0.02306988738392857,0.0,15.343104209438271,0.0,0.0724450401898502,0.06765037406346977,0.07755125894644888
15.540216086434572,30.0,-0.7669628621973206,0,28.921992481203006,0.0,0.40064194311278195,0.0,0.7974687833336467,0.0,0.030470472340225558,0.0,0.02306988738392857,0.0,15.343104209438271,0.0,0.07259486448310126,0.06779888227589242,0.07770182827969355
15.65906362545018,30.0,-0.7669628621973206,0,28.921992481203006,0.0,0.40064194311278195,0.0,0.7974687833336467,0.0,0.030470472340225558,0.0,0.02306988738392857,0.0,15.343104209438271,0.0,0.0727356320541715,0.06793671958824607,0.0778452181812555
15.777911164465785,30.0,-0.7669628621973206,0,28.921992481203006,0.0,0.40064194311278195,0.0,0.7974687833336467,0.0,0.030470472340225558,0.0,0.02306988738392857,0.0,15.343104209438271,0.0,0.07286841077402427,0.06806415280935206,0.07798339779465735
15.896758703481392,30.0,-0.7669628621973206,0,28.921992481203006,0.0,0.40064194311278195,0.0,0.7974687833336467,0.0,0.030470472340225558,0.0,0.02306988738392857,0.0,15.343104209438271,0.0,0.07299427871284814,0.0681815574914578,0.07811823504119467
16.015606242497,30.0,-0.7669628621973206,0,28.921992481203006,0.0,0.40064194311278195,0.0,0.7974687833336467,0.0,0.030470472340225558,0.0,0.02306988738392857,0.0,15.343104209438271,0.0,0.07311432309679927,0.0682894372464771,0.07825147317912906
16.134453781512605,30.0,-0.7669628621973206,0,28.921992481203006,0.0,0.40064194311278195,0.0,0.7974687833336467,0.0,0.030470472340225558,0.0,0.02306988738392857,0.0,15.343104209438271,0.0,0.07322963941387875,0.06838843956232835,0.07838471155269387
16.25330132052821,30.0,-0.7669628621973206,0,28.921992481203006,0.0,0.40064194311278195,0.0,0.7974687833336467,0.0,0.030470472340225558,0.0,0.02306988738392857,0.0,15.343104209438271,0.0,0.07334133067103443,0.06847936734510505,0.07851939130863159
16.372148859543817,30.0,-0.7669628621973206,0,28.921992481203006,0.0,0.40064194311278195,0.0,0.7974687833336467,0.0,0.030470472340225558,0.0,0.02306988738392857,0.0,15.343104209438271,0.0,0.07345050680430958,0.06856318560424873,0.07865678666447182
16.490996398559425,30.0,-0.7669628621973206,0,28.921992481203006,0.0,0.40064194311278195,0.0,0.7974687833336467,0.0,0.030470472340225558,0.0,0.02306988738392857,0.0,15.343104209438271,0.0,0.07355828424364115,0.06864102297857774,0.07879800203046122
16.60984393757503,30.0,-0.7669628621973206,0,28.921992481203006,0.0,0.40064194311278195,0.0,0.7974687833336467,0.0,0.030470472340225558,0.0,0.02306988738392857,0.0,15.343104209438271,0.0,0.07366578563374203,0.06871416813224743,0.07894397495468378
16.728691476590637,30.0,-0.7669628621973206,0,28.921992481203006,0.0,0.40064194311278195,0.0,0.7974687833336467,0.0,0.030470472340225558,0.0,0.02306988738392857,0.0,15.343104209438271,0.0,0.07377413971238399,0.06878406138265082,0.07909548452729191
16.84753901560624,30.0,-0.7669628621973206,0,28.921992481203006,0.0,0.40064194311278195,0.0,0.7974687833336467,0.0,0.030470472340225558,0.0,0.02306988738392857,0.0,15.343104209438271,0.0,0.07388448134732836,0.0688522822080575,0.07925316459374875
16.96638655462185,30.0,-0.7669628621973206,0,28.921992481203006,0.0,0.40064194311278195,0.0,0.7974687833336467,0.0,0.030470472340225558,0.0,0.02306988738392857,0.0,15.343104209438271,0.0,0.07399795173313661,0.06892053348257698,0.07941752092743665
17.085234093637453,30.0,-0.7669628621973206,0,28.921992481203006,0.0,0.40064194311278195,0.0,0.7974687833336467,0.0,0.030470472340225558,0.0,0.02306988738392857,0.0,15.343104209438271,0.0,0.07411569874912613,0.06899062337797876,0.07958895142073315
17.20408163265306,30.0,-0.7669628621973206,0,28.921992481203006,0.0,0.40064194311278195,0.0,0.7974687833336467,0.0,0.030470472340225558,0.0,0.02306988738392857,0.0,15.343104209438271,0.0,0.0742388774798211,0.06906444585336105,0.07976776837335381
17.32292917166867,30.0,-0.7669628621973206,0,28.921992481203006,0.0,0.40064194311278195,0.0,0.7974687833336467,0.0,0.030470472340225558,0.0,0.02306988738392857,0.0,15.343104209438271,0.0,0.07436865089938728,0.06914396053852709,0.07995422207351346
17.441776710684273,30.0,-0.7669628621973206,0,28.921992481203006,0.0,0.40064194311278195,0.0,0.7974687833336467,0.0,0.030470472340225558,0.0,0.02306988738392857,0.0,15.343104209438271,0.0,0.07450619072172537,0.06923117262964051,0.08014852505681841
17.560624249699877,30.0,-0.7669628621973206,0,28.921992481203006,0.0,0.40064194311278195,0.0,0.7974687833336467,0.0,0.030470472340225558,0.0,0.02306988738392857,0.0,15.343104209438271,0.0,0.07465267841814073,0.0693281131842528,0.0803508766618244
17.679471788715485,30.0,-0.7669628621973206,0,28.921992481203006,0.0,0.40064194311278195,0.0,0.7974687833336467,0.0,0.030470472340225558,0.0,0.02306988738392857,0.0,15.343104209438271,0.0,0.07480930640479883,0.0694368199524534,0.08056148775453972
17.798319327731093,30.0,-0.7669628621973206,0,28.921992481203006,0.0,0.40064194311278195,0.0,0.7974687833336467,0.0,0.030470472340225558,0.0,0.02306988738392857,0.0,15.343104209438271,0.0,0.07497727940252034,0.06955931863045646,0.08078060574806133
17.917166866746697,30.0,-0.7669628621973206,0,28.921992481203006,0.0,0.40064194311278195,0.0,0.7974687833336467,0.0,0.030470472340225558,0.0,0.02306988738392857,0.0,15.343104209438271,0.0,0.07515781597187121,0.06969760418305238,0.08100854028737085
18.036014405762305,30.0,-0.7669628621973206,0,28.921992481203006,0.0,0.40064194311278195,0.0,0.7974687833336467,0.0,0.030470472340225558,0.0,0.02306988738392857,0.0,15.343104209438271,0.0,0.07535215022695181,0.06985362165505818,0.08124569020003537
18.15486194477791,30.0,-0.7669628621973206,0,28.921992481203006,0.0,0.40064194311278195,0.0,0.7974687833336467,0.0,0.030470472340225558,0.0,0.02306988738392857,0.0,15.343104209438271,0.0,0.07556153351412877,0.07002924532403378,0.08149257247251036
18.273709483793517,30.0,-0.7669628621973206,0,28.921992481203006,0.0,0.40064194311278195,0.0,0.7974687833336467,0.0,0.030470472340225558,0.0,0.02306988738392857,0.0,15.343104209438271,0.0,0.07578695492447238,0.07022580042081825,0.08174977452481914
18.39255702280912,30.0,-0.7669628621973206,0,28.921992481203006,0.0,0.40064194311278195,0.0,0.7974687833336467,0.0,0.030470472340225558,0.0,0.02306988738392857,0.0,15.343104209438271,0.0,0.07602858477580793,0.07044314668834668,0.08201781651801691
18.51140456182473,30.0,-0.7669628621973206,0,28.921992481203006,0.0,0.40064194311278195,0.0,0.7974687833336467,0.0,0.030470472340225558,0.0,0.02306988738392857,0.0,15.343104209438271,0.0,0.07628644844549867,0.07068078442917601,0.08229732463616089
18.630252100840337,30.0,-0.7669628621973206,0,28.921992481203006,0.0,0.40064194311278195,0.0,0.7974687833336467,0.0,0.030470472340225558,0.0,0.02306988738392857,0.0,15.343104209438271,0.0,0.07656057931467566,0.07093812546069359,0.08258904666888602
18.74909963985594,30.0,-0.7669628621973206,0,28.921992481203006,0.0,0.40064194311278195,0.0,0.7974687833336467,0.0,0.030470472340225558,0.0,0.02306988738392857,0.0,15.343104209438271,0.0,0.07685101865861813,0.07121451380075312,0.0828938270320673
18.867947178871546,30.0,-0.7669628621973206,0,28.921992481203006,0.0,0.40064194311278195,0.0,0.7974687833336467,0.0,0.030470472340225558,0.0,0.02306988738392857,0.0,15.343104209438271,0.0,0.0771578155420696,0.07150924449929871,0.08321258392079763
18.986794717887154,30.0,-0.7669628621973206,0,28.921992481203006,0.0,0.40064194311278195,0.0,0.7974687833336467,0.0,0.030470472340225558,0.0,0.02306988738392857,0.0,15.343104209438271,0.0,0.07748102671921075,0.07182158134784769,0.08354628785475464
19.10564225690276,30.0,-0.7669628621973206,0,28.921992481203006,0.0,0.40064194311278195,0.0,0.7974687833336467,0.0,0.030470472340225558,0.0,0.02306988738392857,0.0,15.343104209438271,0.0,0.07782071653801398,0.07215077401958449,0.08389594105658628
19.224489795918366,30.0,-0.7669628621973206,0,28.921992481203006,0.0,0.40064194311278195,0.0,0.7974687833336467,0.0,0.030470472340225558,0.0,0.02306988738392857,0.0,15.343104209438271,0.0,0.07817695684870953,0.07249607501644019,0.08426255728173612
19.34333733493397,30.0,-0.7669628621973206,0,28.921992481203006,0.0,0.40064194311278195,0.0,0.7974687833336467,0.0,0.030470472340225558,0.0,0.02306988738392857,0.0,15.343104209438271,0.0,0.07854982691609448,0.07285675662418369,0.08464714189486897
19.46218487394958,30.0,-0.7669628621973206,0,28.921992481203006,0.0,0.40064194311278195,0.0,0.7974687833336467,0.0,0.030470472340225558,0.0,0.02306988738392857,0.0,15.343104209438271,0.0,0.07893941333541973,0.07323212790312694,0.08505067216285742
19.581032412965186,30.0,-0.7669628621973206,0,28.921992481203006,0.0,0.40064194311278195,0.0,0.7974687833336467,0.0,0.030470472340225558,0.0,0.02306988738392857,0.0,15.343104209438271,0.0,0.0793458099515923,0.07362155157503296,0.08547407790266572
19.69987995198079,30.0,-0.7669628621973206,0,28.921992481203006,0.0,0.40064194311278195,0.0,0.7974687833336467,0.0,0.030470472340225558,0.0,0.02306988738392857,0.0,15.343104209438271,0.0,0.079769117781433,0.07402446051440165,0.0859182227762285
19.818727490996398,30.0,-0.7669628621973206,0,28.921992481203006,0.0,0.40064194311278195,0.0,0.7974687833336467,0.0,0.030470472340225558,0.0,0.02306988738392857,0.0,15.343104209438271,0.0,0.08020944493872986,0.07444037342563392,0.08638388665243103
19.937575030012006,30.0,-0.7669628621973206,0,28.921992481203006,0.0,0.40064194311278195,0.0,0.7974687833336467,0.0,0.030470472340225558,0.0,0.02306988738392857,0.0,15.343104209438271,0.0,0.08066690656183086,0.07486890919895355,0.08687174954624806
20.05642256902761,30.0,-0.7669628621973206,0,28.921992481203006,0.0,0.40064194311278195,0.0,0.7974687833336467,0.0,0.030470472340225558,0.0,0.02306988738392857,0.0,15.343104209438271,0.0,0.08114162474351867,0.07530979939841413,0.08738237768595918
20.175270108043215,30.0,-0.7669628621973206,0,28.921992481203006,0.0,0.40064194311278195,0.0,0.7974687833336467,0.0,0.030470472340225558,0.0,0.02306988738392857,0.0,15.343104209438271,0.0,0.08163372846291352,0.07576289835176846,0.08791621224421844
20.294117647058822,30.0,-0.7669628621973206,0,28.921992481203006,0.0,0.40064194311278195,0.0,0.7974687833336467,0.0,0.030470472340225558,0.0,0.02306988738392857,0.0,15.343104209438271,0.0,0.0821433535191468,0.07622819038482317,0.08847356119719288
20.41296518607443,30.0,-0.7669628621973206,0,28.921992481203006,0.0,0.40064194311278195,0.0,0.7974687833336467,0.0,0.030470472340225558,0.0,0.02306988738392857,0.0,15.343104209438271,0.0,0.0826706424665527,0.07670579386474799,0.08905459465542528
20.531812725090035,30.0,-0.7669628621973206,0,28.921992481203006,0.0,0.40064194311278195,0.0,0.7974687833336467,0.0,0.030470472340225558,0.0,0.02306988738392857,0.0,15.343104209438271,0.0,0.0832157445511213,0.07719596187271519,0.08965934385542393
20.650660264105642,30.0,-0.7669628621973206,0,28.921992481203006,0.0,0.40064194311278195,0.0,0.7974687833336467,0.0,0.030470472340225558,0.0,0.02306988738392857,0.0,15.343104209438271,0.0,0.08377881564795796,0.07769907949585618,0.09028770383262165
20.76950780312125,30.0,-0.7669628621973206,0,28.921992481203006,0.0,0.40064194311278195,0.0,0.7974687833336467,0.0,0.030470472340225558,0.0,0.02306988738392857,0.0,15.343104209438271,0.0,0.08436001819949264,0.07821565788936186,0.09093943963672908
20.888355342136855,30.0,-0.7669628621973206,0,28.921992481203006,0.0,0.40064194311278195,0.0,0.7974687833336467,0.0,0.030470472340225558,0.0,0.02306988738392857,0.0,15.343104209438271,0.0,0.08495952115418202,0.07874632539091211,0.09161419582035274
21.00720288115246,30.0,-0.7669628621973206,0,28.921992481203006,0.0,0.40064194311278195,0.0,0.7974687833336467,0.0,0.030470472340225558,0.0,0.02306988738392857,0.0,15.343104209438271,0.0,0.0855774999054452,0.07929181605582213,0.09231150884672104
21.126050420168067,30.0,-0.7669628621973206,0,28.921992481203006,0.0,0.40064194311278195,0.0,0.7974687833336467,0.0,0.030470472340225558,0.0,0.02306988738392857,0.0,15.343104209438271,0.0,0.08621413623057404,0.07985295601374835,0.09303082203105677
21.244897959183675,30.0,-0.7669628621973206,0,28.921992481203006,0.0,0.40064194311278195,0.0,0.7974687833336467,0.0,0.030470472340225558,0.0,0.02306988738392857,0.0,15.343104209438271,0.0,0.08686961822935485,0.08043064802530812,0.09377150265373273
21.36374549819928,30.0,-0.7669628621973206,0,28.921992481203006,0.0,0.40064194311278195,0.0,0.7974687833336467,0.0,0.030470472340225558,0.0,0.02306988738392857,0.0,15.343104209438271,0.0,0.0875441402621394,0.08102585454459135,0.0945328609568057
21.482593037214883,30.0,-0.7669628621973206,0,28.921992481203006,0.0,0.40064194311278195,0.0,0.7974687833336467,0.0,0.030470472340225558,0.0,0.02306988738392857,0.0,15.343104209438271,0.0,0.08823790288709857,0.08163957948042622,0.09531417084966913
21.60144057623049,30.0,-0.7669628621973206,0,28.921992481203006,0.0,0.40064194311278195,0.0,0.7974687833336467,0.0,0.030470472340225558,0.0,0.02306988738392857,0.0,15.343104209438271,0.0,0.08895111279639102,0.08227284870621884,0.0961146922935982
21.7202881152461,30.0,-0.7669628621973206,0,28.921992481203006,0.0,0.40064194311278195,0.0,0.7974687833336467,0.0,0.030470472340225558,0.0,0.02306988738392857,0.0,15.343104209438271,0.0,0.08968398275097603,0.08292668920557307,0.0969336954985063
21.839135654261703,30.0,-0.7669628621973206,0,28.921992481203006,0.0,0.40064194311278195,0.0,0.7974687833336467,0.0,0.030470472340225558,0.0,0.02306988738392857,0.0,15.343104209438271,0.0,0.09043673151379837,0.08360210656728101,0.09777048723972699
21.95798319327731,30.0,-0.7669628621973206,0,28.921992481203006,0.0,0.40064194311278195,0.0,0.7974687833336467,0.0,0.030470472340225558,0.0,0.02306988738392857,0.0,15.343104209438271,0.0,0.09120958083362064,0.0843000442457383,0.09862445202287073
22.07683073229292,30.0,-0.7669628621973206,0,28.921992481203006,0.0,0.40064194311278195,0.0,0.7974687833336467,0.0,0.030470472340225558,0.0,0.02306988738392857,0.0,15.343104209438271,0.0,0.09200270314919017,0.08502106629909208,0.09949530613021121
22.195678271308523,30.0,-0.7669628621973206,0,28.921992481203006,0.0,0.40064194311278195,0.0,0.7974687833336467,0.0,0.030470472340225558,0.0,0.02306988738392857,0.0,15.343104209438271,0.0,0.09281622585943099,0.08576534446331463,0.10038312244841723
22.314525810324128,30.0,-0.7669628621973206,0,28.921992481203006,0.0,0.40064194311278195,0.0,0.7974687833336467,0.0,0.030470472340225558,0.0,0.02306988738392857,0.0,15.343104209438271,0.0,0.09365027684829273,0.0865329009240798,0.1012881487366103
22.433373349339735,30.0,-0.7669628621973206,0,28.921992481203006,0.0,0.40064194311278195,0.0,0.7974687833336467,0.0,0.030470472340225558,0.0,0.02306988738392857,0.0,15.343104209438271,0.0,0.0945049858456836,0.08732361977888942,0.1022107971744853
22.552220888355343,30.0,-0.7669628621973206,0,28.921992481203006,0.0,0.40064194311278195,0.0,0.7974687833336467,0.0,0.030470472340225558,0.0,0.02306988738392857,0.0,15.343104209438271,0.0,0.09538048414210928,0.08813724821428738,0.10315164200737537
22.671068427370948,30.0,-0.7669628621973206,0,28.921992481203006,0.0,0.40064194311278195,0.0,0.7974687833336467,0.0,0.030470472340225558,0.0,0.02306988738392857,0.0,15.343104209438271,0.0,0.09627690429850863,0.08897339652570357,0.10411141834336947
22.789915966386552,30.0,-0.7669628621973206,0,28.921992481203006,0.0,0.40064194311278195,0.0,0.7974687833336467,0.0,0.030470472340225558,0.0,0.02306988738392857,0.0,15.343104209438271,0.0,0.09719437985107292,0.08983153736176161,0.10509102171651585
22.90876350540216,30.0,-0.7669628621973206,0,28.921992481203006,0.0,0.40064194311278195,0.0,0.7974687833336467,0.0,0.030470472340225558,0.0,0.02306988738392857,0.0,15.343104209438271,0.0,0.09813304501085078,0.09071100464359605,0.1060915079615607
23.027611044417768,30.0,-0.7669628621973206,0,28.921992481203006,0.0,0.40064194311278195,0.0,0.7974687833336467,0.0,0.030470472340225558,0.0,0.02306988738392857,0.0,15.343104209438271,0.0,0.09909303435796103,0.09161099268079563,0.10711409287474116
23.146458583433372,30.0,-0.7669628621973206,0,28.921992481203006,0.0,0.40064194311278195,0.0,0.7974687833336467,0.0,0.030470472340225558,0.0,0.02306988738392857,0.0,15.343104209438271,0.0,0.10007448253025394,0.09253055607583349,0.10816015106504448
23.26530612244898,30.0,-0.7669628621973206,0,28.921992481203006,0.0,0.40064194311278195,0.0,0.7974687833336467,0.0,0.030470472340225558,0.0,0.02306988738392857,0.0,15.343104209438271,0.0,0.10107752390627968,0.09346861107106387,0.10923121333826763
23.384153661464588,30.0,-0.7669628621973206,0,28.921992481203006,0.0,0.40064194311278195,0.0,0.7974687833336467,0.0,0.030470472340225558,0.0,0.02306988738392857,0.0,15.343104209438271,0.0,0.10210229228244373,0.09442393903512827,0.1103289619135984
23.503001200480192,30.0,-0.7669628621973206,0,28.921992481203006,0.0,0.40064194311278195,0.0,0.7974687833336467,0.0,0.030470472340225558,0.0,0.02306988738392857,0.0,15.343104209438271,0.0,0.10314892054425084,0.09539519279363065,0.11145522276458233
23.621848739495796,30.0,-0.7669628621973206,0,28.921992481203006,0.0,0.40064194311278195,0.0,0.7974687833336467,0.0,0.030470472340225558,0.0,0.02306988738392857,0.0,15.343104209438271,0.0,0.10421754033155828,0.09638090646422848,0.11261195442120978
23.740696278511404,30.0,-0.7669628621973206,0,28.921992481203006,0.0,0.40064194311278195,0.0,0.7974687833336467,0.0,0.030470472340225558,0.0,0.02306988738392857,0.0,15.343104209438271,0.0,0.10530828169778413,0.09737950934076646,0.11380123268556001
23.859543817527012,30.0,-0.7669628621973206,0,28.921992481203006,0.0,0.40064194311278195,0.0,0.7974687833336467,0.0,0.030470472340225558,0.0,0.02306988738392857,0.0,15.343104209438271,0.0,0.10642127276303788,0.09838934417052478,0.11502523091417421
23.978391356542616,30.0,-0.7669628621973206,0,28.921992481203006,0.0,0.40064194311278195,0.0,0.7974687833336467,0.0,0.030470472340225558,0.0,0.02306988738392857,0.0,15.343104209438271,0.0,0.10755663936116507,0.0994086898780147,0.1162861958111694
24.09723889555822,30.0,-0.7669628621973206,0,28.921992481203006,0.0,0.40064194311278195,0.0,0.7974687833336467,0.0,0.030470472340225558,0.0,0.02306988738392857,0.0,15.343104209438271,0.0,0.10871450468072263,0.100435788417701,0.11758641904736808
24.21608643457383,30.0,-0.7669628621973206,0,28.921992481203006,0.0,0.40064194311278195,0.0,0.7974687833336467,0.0,0.030470472340225558,0.0,0.02306988738392857,0.0,15.343104209438271,0.0,0.10989498889992699,0.10146887501519855,0.11892820544377933
24.334933973589436,30.0,-0.7669628621973206,0,28.921992481203006,0.0,0.40064194311278195,0.0,0.7974687833336467,0.0,0.030470472340225558,0.0,0.02306988738392857,0.0,15.343104209438271,0.0,0.11109820881564209,0.10250621063011904,0.12031383888437475
24.45378151260504,30.0,-0.7669628621973206,0,28.921992481203006,0.0,0.40064194311278195,0.0,0.7974687833336467,0.0,0.030470472340225558,0.0,0.02306988738392857,0.0,15.343104209438271,0.0,0.1123242774665039,0.10354611510692253,0.12174554749018864
24.57262905162065,30.0,-0.7669628621973206,0,28.921992481203006,0.0,0.40064194311278195,0.0,0.7974687833336467,0.0,0.030470472340225558,0.0,0.02306988738392857,0.0,15.343104209438271,0.0,0.11357330375030414,0.10458699923988374,0.1232254698272885
24.691476590636256,30.0,-0.7669628621973206,0,28.921992481203006,0.0,0.40064194311278195,0.0,0.7974687833336467,0.0,0.030470472340225558,0.0,0.02306988738392857,0.0,15.343104209438271,0.0,0.11484539203578224,0.10562739392031763,0.12475562397941746
24.81032412965186,30.0,-0.7669628621973206,0,28.921992481203006,0.0,0.40064194311278195,0.0,0.7974687833336467,0.0,0.030470472340225558,0.0,0.02306988738392857,0.0,15.343104209438271,0.0,0.11614064176900966,0.1066659746871831,0.12633788116345782
24.929171668667465,30.0,-0.7669628621973206,0,28.921992481203006,0.0,0.40064194311278195,0.0,0.7974687833336467,0.0,0.030470472340225558,0.0,0.02306988738392857,0.0,15.343104209438271,0.0,0.11745914707457253,0.1077015803569783,0.12797394521139047
25.048019207683073,30.0,-0.7669628621973206,0,28.921992481203006,0.0,0.40064194311278195,0.0,0.7974687833336467,0.0,0.030470472340225558,0.0,0.02306988738392857,0.0,15.343104209438271,0.0,0.11880099635179543,0.10873322491735389,0.12966533873427075
25.16686674669868,30.0,-0.7669628621973206,0,28.921992481203006,0.0,0.40064194311278195,0.0,0.7974687833336467,0.0,0.030470472340225558,0.0,0.02306988738392857,0.0,15.343104209438271,0.0,0.12016627186627556,0.10976010245363901,0.1314133961993399
25.285714285714285,30.0,-0.7669628621973206,0,28.921992481203006,0.0,0.40064194311278195,0.0,0.7974687833336467,0.0,0.030470472340225558,0.0,0.02306988738392857,0.0,15.343104209438271,0.0,0.12155504933702983,0.11078158544968203,0.13321926357957387
11.142857142857142,35.0,0.9126542914729895,0,28.921992481203006,0.0,0.40064194311278195,0.0,0.7974687833336467,0.0,0.030470472340225558,0.0,0.02306988738392857,0.0,15.343104209438271,0.0,0.050961329694782134,0.04606229126488363,0.05635063519974276
11.261704681872748,35.0,0.9126542914729895,0,28.921992481203006,0.0,0.40064194311278195,0.0,0.7974687833336467,0.0,0.030470472340225558,0.0,0.02306988738392857,0.0,15.343104209438271,0.0,0.0513517314828763,0.04651573961631071,0.05666061833948007
11.380552220888354,35.0,0.9126542914729895,0,28.921992481203006,0.0,0.40064194311278195,0.0,0.7974687833336467,0.0,0.030470472340225558,0.0,0.02306988738392857,0.0,15.343104209438271,0.0,0.051743950183556854,0.04696669357142094,0.05697807807018421
11.49939975990396,35.0,0.9126542914729895,0,28.921992481203006,0.0,0.40064194311278195,0.0,0.7974687833336467,0.0,0.030470472340225558,0.0,0.02306988738392857,0.0,15.343104209438271,0.0,0.052137519569277535,0.0474141754431771,0.057303092540691554
11.618247298919567,35.0,0.9126542914729895,0,28.921992481203006,0.0,0.40064194311278195,0.0,0.7974687833336467,0.0,0.030470472340225558,0.0,0.02306988738392857,0.0,15.343104209438271,0.0,0.05253196002966447,0.047857238500167286,0.05763566998346653
11.737094837935174,35.0,0.9126542914729895,0,28.921992481203006,0.0,0.40064194311278195,0.0,0.7974687833336467,0.0,0.030470472340225558,0.0,0.02306988738392857,0.0,15.343104209438271,0.0,0.0529267785089992,0.04829498022807344,0.05797573511054149
11.85594237695078,35.0,0.9126542914729895,0,28.921992481203006,0.0,0.40064194311278195,0.0,0.7974687833336467,0.0,0.030470472340225558,0.0,0.02306988738392857,0.0,15.343104209438271,0.0,0.05332146848690691,0.048726555486660716,0.05832311579091081
11.974789915966387,35.0,0.9126542914729895,0,28.921992481203006,0.0,0.40064194311278195,0.0,0.7974687833336467,0.0,0.030470472340225558,0.0,0.02306988738392857,0.0,15.343104209438271,0.0,0.05371551000398778,0.04915118888767359,0.05867753069440579
12.093637454981993,35.0,0.9126542914729895,0,28.921992481203006,0.0,0.40064194311278195,0.0,0.7974687833336467,0.0,0.030470472340225558,0.0,0.02306988738392857,0.0,15.343104209438271,0.0,0.054108369734112906,0.049568185675794504,0.05903857863019051
12.212484993997599,35.0,0.9126542914729895,0,28.921992481203006,0.0,0.40064194311278195,0.0,0.7974687833336467,0.0,0.030470472340225558,0.0,0.02306988738392857,0.0,15.343104209438271,0.0,0.054499501105077786,0.049976940418185845,0.059405730284446324
12.331332533013205,35.0,0.9126542914729895,0,28.921992481203006,0.0,0.40064194311278195,0.0,0.7974687833336467,0.0,0.030470472340225558,0.0,0.02306988738392857,0.0,15.343104209438271,0.0,0.054888344469270656,0.050376942905327016,0.05977832296432608
12.450180072028811,35.0,0.9126542914729895,0,28.921992481203006,0.0,0.40064194311278195,0.0,0.7974687833336467,0.0,0.030470472340225558,0.0,0.02306988738392857,0.0,15.343104209438271,0.0,0.05527432732596251,0.05076778083214525,0.06015555878857678
12.569027611044417,35.0,0.9126542914729895,0,28.921992481203006,0.0,0.40064194311278195,0.0,0.7974687833336467,0.0,0.030470472340225558,0.0,0.02306988738392857,0.0,15.343104209438271,0.0,0.0556568645967692,0.05114913904635539,0.06053650654682678
12.687875150060023,35.0,0.9126542914729895,0,28.921992481203006,0.0,0.40064194311278195,0.0,0.7974687833336467,0.0,0.030470472340225558,0.0,0.02306988738392857,0.0,15.343104209438271,0.0,0.05603535895576342,0.051520795392657186,0.060920107207207835
12.80672268907563,35.0,0.9126542914729895,0,28.921992481203006,0.0,0.40064194311278195,0.0,0.7974687833336467,0.0,0.030470472340225558,0.0,0.02306988738392857,0.0,15.343104209438271,0.0,0.05640920121563599,0.05188261341418448,0.06130518281855196
12.925570228091235,35.0,0.9126542914729895,0,28.921992481203006,0.0,0.40064194311278195,0.0,0.7974687833336467,0.0,0.030470472340225558,0.0,0.02306988738392857,0.0,15.343104209438271,0.0,0.05677777077121076,0.05223453236530283,0.061690448359907196
13.044417767106843,35.0,0.9126542914729895,0,28.921992481203006,0.0,0.40064194311278195,0.0,0.7974687833336467,0.0,0.030470472340225558,0.0,0.02306988738392857,0.0,15.343104209438271,0.0,0.057140436101516284,0.05257655511948373,0.062074525959597913
13.163265306122447,35.0,0.9126542914729895,0,28.921992481203006,0.0,0.40064194311278195,0.0,0.7974687833336467,0.0,0.030470472340225558,0.0,0.02306988738392857,0.0,15.343104209438271,0.0,0.057496555331499444,0.05290873461147182,0.06245596084957079
13.282112845138055,35.0,0.9126542914729895,0,28.921992481203006,0.0,0.40064194311278195,0.0,0.7974687833336467,0.0,0.030470472340225558,0.0,0.02306988738392857,0.0,15.343104209438271,0.0,0.05784547685434195,0.053231159435935954,0.06283323843670544
13.400960384153661,35.0,0.9126542914729895,0,28.921992481203006,0.0,0.40064194311278195,0.0,0.7974687833336467,0.0,0.030470472340225558,0.0,0.02306988738392857,0.0,15.343104209438271,0.0,0.05818654001520043,0.053543939147302586,0.06320480194906694
13.519807923169267,35.0,0.9126542914729895,0,28.921992481203006,0.0,0.40064194311278195,0.0,0.7974687833336467,0.0,0.030470472340225558,0.0,0.02306988738392857,0.0,15.343104209438271,0.0,0.05851907585704212,0.05384718968585484,0.06356907023340723
13.638655462184873,35.0,0.9126542914729895,0,28.921992481203006,0.0,0.40064194311278195,0.0,0.7974687833336467,0.0,0.030470472340225558,0.0,0.02306988738392857,0.0,15.343104209438271,0.0,0.05884240792908673,0.05414101921347794,0.06392445542054187
13.75750300120048,35.0,0.9126542914729895,0,28.921992481203006,0.0,0.40064194311278195,0.0,0.7974687833336467,0.0,0.030470472340225558,0.0,0.02306988738392857,0.0,15.343104209438271,0.0,0.059155853158192676,0.05442551449659933,0.06426938031958737
13.876350540216086,35.0,0.9126542914729895,0,28.921992481203006,0.0,0.40064194311278195,0.0,0.7974687833336467,0.0,0.030470472340225558,0.0,0.02306988738392857,0.0,15.343104209438271,0.0,0.05945872278334197,0.05470072783745099,0.06460229553690229
13.995198079231692,35.0,0.9126542914729895,0,28.921992481203006,0.0,0.40064194311278195,0.0,0.7974687833336467,0.0,0.030470472340225558,0.0,0.02306988738392857,0.0,15.343104209438271,0.0,0.05975032335318441,0.05496666443616228,0.06492169643254787
14.114045618247298,35.0,0.9126542914729895,0,28.921992481203006,0.0,0.40064194311278195,0.0,0.7974687833336467,0.0,0.030470472340225558,0.0,0.02306988738392857,0.0,15.343104209438271,0.0,0.0600299577863952,0.055223269969096406,0.06522614012244815
14.232893157262904,35.0,0.9126542914729895,0,28.921992481203006,0.0,0.40064194311278195,0.0,0.7974687833336467,0.0,0.030470472340225558,0.0,0.02306988738392857,0.0,15.343104209438271,0.0,0.06029692649438537,0.05547041809363659,0.06551426280783382
14.351740696278512,35.0,0.9126542914729895,0,28.921992481203006,0.0,0.40064194311278195,0.0,0.7974687833336467,0.0,0.030470472340225558,0.0,0.02306988738392857,0.0,15.343104209438271,0.0,0.06055052856567728,0.0557078975349102,0.0657847977663894
14.470588235294116,35.0,0.9126542914729895,0,28.921992481203006,0.0,0.40064194311278195,0.0,0.7974687833336467,0.0,0.030470472340225558,0.0,0.02306988738392857,0.0,15.343104209438271,0.0,0.060790063011022195,0.055935398374263985,0.06603659437325674
14.589435774309724,35.0,0.9126542914729895,0,28.921992481203006,0.0,0.40064194311278195,0.0,0.7974687833336467,0.0,0.030470472340225558,0.0,0.02306988738392857,0.0,15.343104209438271,0.0,0.06101485290594116,0.056152512144132916,0.06626867035151947
14.70828331332533,35.0,0.9126542914729895,0,28.921992481203006,0.0,0.40064194311278195,0.0,0.7974687833336467,0.0,0.030470472340225558,0.0,0.02306988738392857,0.0,15.343104209438271,0.0,0.06122489200266655,0.056359144194430166,0.0664811269641091
14.827130852340936,35.0,0.9126542914729895,0,28.921992481203006,0.0,0.40064194311278195,0.0,0.7974687833336467,0.0,0.030470472340225558,0.0,0.02306988738392857,0.0,15.343104209438271,0.0,0.061420945382756185,0.05655559447895918,0.06667527129949044
14.945978391356542,35.0,0.9126542914729895,0,28.921992481203006,0.0,0.40064194311278195,0.0,0.7974687833336467,0.0,0.030470472340225558,0.0,0.02306988738392857,0.0,15.343104209438271,0.0,0.06160383954544877,0.056742117217215934,0.06685259604512168
15.064825930372148,35.0,0.9126542914729895,0,28.921992481203006,0.0,0.40064194311278195,0.0,0.7974687833336467,0.0,0.030470472340225558,0.0,0.02306988738392857,0.0,15.343104209438271,0.0,0.061774419992280026,0.05691891467147351,0.06701469446250366
15.183673469387754,35.0,0.9126542914729895,0,28.921992481203006,0.0,0.40064194311278195,0.0,0.7974687833336467,0.0,0.030470472340225558,0.0,0.02306988738392857,0.0,15.343104209438271,0.0,0.06193354946232893,0.05708615667736306,0.06716323323135247
15.30252100840336,35.0,0.9126542914729895,0,28.921992481203006,0.0,0.40064194311278195,0.0,0.7974687833336467,0.0,0.030470472340225558,0.0,0.02306988738392857,0.0,15.343104209438271,0.0,0.06208210627501661,0.057243999705114894,0.06729992626372727
15.421368547418968,35.0,0.9126542914729895,0,28.921992481203006,0.0,0.40064194311278195,0.0,0.7974687833336467,0.0,0.030470472340225558,0.0,0.02306988738392857,0.0,15.343104209438271,0.0,0.06222098278542738,0.0573926055962091,0.06742650937222273
15.540216086434572,35.0,0.9126542914729895,0,28.921992481203006,0.0,0.40064194311278195,0.0,0.7974687833336467,0.0,0.030470472340225558,0.0,0.02306988738392857,0.0,15.343104209438271,0.0,0.06235108395656888,0.057532159986877274,0.06754471580478522
15.65906362545018,35.0,0.9126542914729895,0,28.921992481203006,0.0,0.40064194311278195,0.0,0.7974687833336467,0.0,0.030470472340225558,0.0,0.02306988738392857,0.0,15.343104209438271,0.0,0.06247332605247416,0.057662890289207736,0.06765625279492302
15.777911164465785,35.0,0.9126542914729895,0,28.921992481203006,0.0,0.40064194311278195,0.0,0.7974687833336467,0.0,0.030470472340225558,0.0,0.02306988738392857,0.0,15.343104209438271,0.0,0.06258863545557565,0.057785082963465344,0.06776277940913324
15.896758703481392,35.0,0.9126542914729895,0,28.921992481203006,0.0,0.40064194311278195,0.0,0.7974687833336467,0.0,0.030470472340225558,0.0,0.02306988738392857,0.0,15.343104209438271,0.0,0.06269794761135149,0.05789909969495036,0.06786588608997797
16.015606242497,35.0,0.9126542914729895,0,28.921992481203006,0.0,0.40064194311278195,0.0,0.7974687833336467,0.0,0.030470472340225558,0.0,0.02306988738392857,0.0,15.343104209438271,0.0,0.06280220610285538,0.05800539199996191,0.06796707637873761
16.134453781512605,35.0,0.9126542914729895,0,28.921992481203006,0.0,0.40064194311278195,0.0,0.7974687833336467,0.0,0.030470472340225558,0.0,0.02306988738392857,0.0,15.343104209438271,0.0,0.06290236185740046,0.05810451374215664,0.06806775134201222
16.25330132052821,35.0,0.9126542914729895,0,28.921992481203006,0.0,0.40064194311278195,0.0,0.7974687833336467,0.0,0.030470472340225558,0.0,0.02306988738392857,0.0,15.343104209438271,0.0,0.06299937248736825,0.058197131053179946,0.06816919721165121
16.372148859543817,35.0,0.9126542914729895,0,28.921992481203006,0.0,0.40064194311278195,0.0,0.7974687833336467,0.0,0.030470472340225558,0.0,0.02306988738392857,0.0,15.343104209438271,0.0,0.06309420176686287,0.05828402922381513,0.06827257667305829
16.490996398559425,35.0,0.9126542914729895,0,28.921992481203006,0.0,0.40064194311278195,0.0,0.7974687833336467,0.0,0.030470472340225558,0.0,0.02306988738392857,0.0,15.343104209438271,0.0,0.0631878192457248,0.05836611625941448,0.06837892410787133
16.60984393757503,35.0,0.9126542914729895,0,28.921992481203006,0.0,0.40064194311278195,0.0,0.7974687833336467,0.0,0.030470472340225558,0.0,0.02306988738392857,0.0,15.343104209438271,0.0,0.06328120000226045,0.058444422962426516,0.06848914492687806
16.728691476590637,35.0,0.9126542914729895,0,28.921992481203006,0.0,0.40064194311278195,0.0,0.7974687833336467,0.0,0.030470472340225558,0.0,0.02306988738392857,0.0,15.343104209438271,0.0,0.06337532453593336,0.05852009959440923,0.06860401893880391
16.84753901560624,35.0,0.9126542914729895,0,28.921992481203006,0.0,0.40064194311278195,0.0,0.7974687833336467,0.0,0.030470472340225558,0.0,0.02306988738392857,0.0,15.343104209438271,0.0,0.06347117880119776,0.05859440935507438,0.06872420751523788
16.96638655462185,35.0,0.9126542914729895,0,28.921992481203006,0.0,0.40064194311278195,0.0,0.7974687833336467,0.0,0.030470472340225558,0.0,0.02306988738392857,0.0,15.343104209438271,0.0,0.06356975438364268,0.058668719072265334,0.06885026415583473
17.085234093637453,35.0,0.9126542914729895,0,28.921992481203006,0.0,0.40064194311278195,0.0,0.7974687833336467,0.0,0.030470472340225558,0.0,0.02306988738392857,0.0,15.343104209438271,0.0,0.0636720488196465,0.05874448760480612,0.06898264795055466
17.20408163265306,35.0,0.9126542914729895,0,28.921992481203006,0.0,0.40064194311278195,0.0,0.7974687833336467,0.0,0.030470472340225558,0.0,0.02306988738392857,0.0,15.343104209438271,0.0,0.06377906606082365,0.058823252508282284,0.06912173938867544
17.32292917166867,35.0,0.9126542914729895,0,28.921992481203006,0.0,0.40064194311278195,0.0,0.7974687833336467,0.0,0.030470472340225558,0.0,0.02306988738392857,0.0,15.343104209438271,0.0,0.06389181708467771,0.058906615499366245,0.0692678579802937
17.441776710684273,35.0,0.9126542914729895,0,28.921992481203006,0.0,0.40064194311278195,0.0,0.7974687833336467,0.0,0.030470472340225558,0.0,0.02306988738392857,0.0,15.343104209438271,0.0,0.06401132065305365,0.05899622718259954,0.06942128122969643
17.560624249699877,35.0,0.9126542914729895,0,28.921992481203006,0.0,0.40064194311278195,0.0,0.7974687833336467,0.0,0.030470472340225558,0.0,0.02306988738392857,0.0,15.343104209438271,0.0,0.06413860422021385,0.05909377138541657,0.06958226462052088
17.679471788715485,35.0,0.9126542914729895,0,28.921992481203006,0.0,0.40064194311278195,0.0,0.7974687833336467,0.0,0.030470472340225558,0.0,0.02306988738392857,0.0,15.343104209438271,0.0,0.06427470499264233,0.059200949295844324,0.06975106242681696
17.798319327731093,35.0,0.9126542914729895,0,28.921992481203006,0.0,0.40064194311278195,0.0,0.7974687833336467,0.0,0.030470472340225558,0.0,0.02306988738392857,0.0,15.343104209438271,0.0,0.0644206711430118,0.05931946342544046,0.06992794933929274
17.917166866746697,35.0,0.9126542914729895,0,28.921992481203006,0.0,0.40064194311278195,0.0,0.7974687833336467,0.0,0.030470472340225558,0.0,0.02306988738392857,0.0,15.343104209438271,0.0,0.06457756318113321,0.05945100123773816,0.07011324308207327
18.036014405762305,35.0,0.9126542914729895,0,28.921992481203006,0.0,0.40064194311278195,0.0,0.7974687833336467,0.0,0.030470472340225558,0.0,0.02306988738392857,0.0,15.343104209438271,0.0,0.06474645548514002,0.05959721809623208,0.07030732838575028
18.15486194477791,35.0,0.9126542914729895,0,28.921992481203006,0.0,0.40064194311278195,0.0,0.7974687833336467,0.0,0.030470472340225558,0.0,0.02306988738392857,0.0,15.343104209438271,0.0,0.06492843780745866,0.0597597187094733,0.07051068280335142
18.273709483793517,35.0,0.9126542914729895,0,28.921992481203006,0.0,0.40064194311278195,0.0,0.7974687833336467,0.0,0.030470472340225558,0.0,0.02306988738392857,0.0,15.343104209438271,0.0,0.0651243723903316,0.059939662756239666,0.07072381329272168
18.39255702280912,35.0,0.9126542914729895,0,28.921992481203006,0.0,0.40064194311278195,0.0,0.7974687833336467,0.0,0.030470472340225558,0.0,0.02306988738392857,0.0,15.343104209438271,0.0,0.0653344101602335,0.06013700761940416,0.07094709563874134
18.51140456182473,35.0,0.9126542914729895,0,28.921992481203006,0.0,0.40064194311278195,0.0,0.7974687833336467,0.0,0.030470472340225558,0.0,0.02306988738392857,0.0,15.343104209438271,0.0,0.06555857629032748,0.06035141184334806,0.0711809846831893
18.630252100840337,35.0,0.9126542914729895,0,28.921992481203006,0.0,0.40064194311278195,0.0,0.7974687833336467,0.0,0.030470472340225558,0.0,0.02306988738392857,0.0,15.343104209438271,0.0,0.06579690312916554,0.060582457047149825,0.07142604181155267
18.74909963985594,35.0,0.9126542914729895,0,28.921992481203006,0.0,0.40064194311278195,0.0,0.7974687833336467,0.0,0.030470472340225558,0.0,0.02306988738392857,0.0,15.343104209438271,0.0,0.06604943010966788,0.060829664991236466,0.07168291408558124
18.867947178871546,35.0,0.9126542914729895,0,28.921992481203006,0.0,0.40064194311278195,0.0,0.7974687833336467,0.0,0.030470472340225558,0.0,0.02306988738392857,0.0,15.343104209438271,0.0,0.06631620366287178,0.061092513244565376,0.07195231502246788
18.986794717887154,35.0,0.9126542914729895,0,28.921992481203006,0.0,0.40064194311278195,0.0,0.7974687833336467,0.0,0.030470472340225558,0.0,0.02306988738392857,0.0,15.343104209438271,0.0,0.06659727713620371,0.061370449961662535,0.07223500650372704
19.10564225690276,35.0,0.9126542914729895,0,28.921992481203006,0.0,0.40064194311278195,0.0,0.7974687833336467,0.0,0.030470472340225558,0.0,0.02306988738392857,0.0,15.343104209438271,0.0,0.06689271071603353,0.06166290816576911,0.0725317814112522
19.224489795918366,35.0,0.9126542914729895,0,28.921992481203006,0.0,0.40064194311278195,0.0,0.7974687833336467,0.0,0.030470472340225558,0.0,0.02306988738392857,0.0,15.343104209438271,0.0,0.06720257135427372,0.06196931981705213,0.07284344670664095
19.34333733493397,35.0,0.9126542914729895,0,28.921992481203006,0.0,0.40064194311278195,0.0,0.7974687833336467,0.0,0.030470472340225558,0.0,0.02306988738392857,0.0,15.343104209438271,0.0,0.06752693269878962,0.062289129824144834,0.07317080679185842
19.46218487394958,35.0,0.9126542914729895,0,28.921992481203006,0.0,0.40064194311278195,0.0,0.7974687833336467,0.0,0.030470472340225558,0.0,0.02306988738392857,0.0,15.343104209438271,0.0,0.06786587502738996,0.06262181003506799,0.0735146471128021
19.581032412965186,35.0,0.9126542914729895,0,28.921992481203006,0.0,0.40064194311278195,0.0,0.7974687833336467,0.0,0.030470472340225558,0.0,0.02306988738392857,0.0,15.343104209438271,0.0,0.06821948518517053,0.06296687312359545,0.07387571808858863
19.69987995198079,35.0,0.9126542914729895,0,28.921992481203006,0.0,0.40064194311278195,0.0,0.7974687833336467,0.0,0.030470472340225558,0.0,0.02306988738392857,0.0,15.343104209438271,0.0,0.06858785652498572,0.06332388617527565,0.07425471956249025
19.818727490996398,35.0,0.9126542914729895,0,28.921992481203006,0.0,0.40064194311278195,0.0,0.7974687833336467,0.0,0.030470472340225558,0.0,0.02306988738392857,0.0,15.343104209438271,0.0,0.06897108885082427,0.06369248368136196,0.07465228606766054
19.937575030012006,35.0,0.9126542914729895,0,28.921992481203006,0.0,0.40064194311278195,0.0,0.7974687833336467,0.0,0.030470472340225558,0.0,0.02306988738392857,0.0,15.343104209438271,0.0,0.06936928836386917,0.06407237957748324,0.07506897327345896
20.05642256902761,35.0,0.9126542914729895,0,28.921992481203006,0.0,0.40064194311278195,0.0,0.7974687833336467,0.0,0.030470472340225558,0.0,0.02306988738392857,0.0,15.343104209438271,0.0,0.06978256761102056,0.06446337792504694,0.07550524601826199
20.175270108043215,35.0,0.9126542914729895,0,28.921992481203006,0.0,0.40064194311278195,0.0,0.7974687833336467,0.0,0.030470472340225558,0.0,0.02306988738392857,0.0,15.343104209438271,0.0,0.07021104543566442,0.06486538183281632,0.07596146833644413
20.294117647058822,35.0,0.9126542914729895,0,28.921992481203006,0.0,0.40064194311278195,0.0,0.7974687833336467,0.0,0.030470472340225558,0.0,0.02306988738392857,0.0,15.343104209438271,0.0,0.0706548469304673,0.06527840025551643,0.0764378958490286
20.41296518607443,35.0,0.9126542914729895,0,28.921992481203006,0.0,0.40064194311278195,0.0,0.7974687833336467,0.0,0.030470472340225558,0.0,0.02306988738392857,0.0,15.343104209438271,0.0,0.07111410339198157,0.06570255238231026,0.07693467081276058
20.531812725090035,35.0,0.9126542914729895,0,28.921992481203006,0.0,0.40064194311278195,0.0,0.7974687833336467,0.0,0.030470472340225558,0.0,0.02306988738392857,0.0,15.343104209438271,0.0,0.07158895227684242,0.06613806943188508,0.07745182001967853
20.650660264105642,35.0,0.9126542914729895,0,28.921992481203006,0.0,0.40064194311278195,0.0,0.7974687833336467,0.0,0.030470472340225558,0.0,0.02306988738392857,0.0,15.343104209438271,0.0,0.07207953715933989,0.06658529378978283,0.0779892556215923
20.76950780312125,35.0,0.9126542914729895,0,28.921992481203006,0.0,0.40064194311278195,0.0,0.7974687833336467,0.0,0.030470472340225558,0.0,0.02306988738392857,0.0,15.343104209438271,0.0,0.07258600769014775,0.06704467554218205,0.07854677883651617
20.888355342136855,35.0,0.9126542914729895,0,28.921992481203006,0.0,0.40064194311278195,0.0,0.7974687833336467,0.0,0.030470472340225558,0.0,0.02306988738392857,0.0,15.343104209438271,0.0,0.07310851955599101,0.06751676656334984,0.079124086392302
21.00720288115246,35.0,0.9126542914729895,0,28.921992481203006,0.0,0.40064194311278195,0.0,0.7974687833336467,0.0,0.030470472340225558,0.0,0.02306988738392857,0.0,15.343104209438271,0.0,0.07364723444003178,0.06800221238858907,0.0797207794893049
21.126050420168067,35.0,0.9126542914729895,0,28.921992481203006,0.0,0.40064194311278195,0.0,0.7974687833336467,0.0,0.030470472340225558,0.0,0.02306988738392857,0.0,15.343104209438271,0.0,0.07420231998275369,0.0685017421420229,0.08033637502758235
21.244897959183675,35.0,0.9126542914729895,0,28.921992481203006,0.0,0.40064194311278195,0.0,0.7974687833336467,0.0,0.030470472340225558,0.0,0.02306988738392857,0.0,15.343104209438271,0.0,0.07477394974312115,0.06901615678516287,0.08097031884868662
21.36374549819928,35.0,0.9126542914729895,0,28.921992481203006,0.0,0.40064194311278195,0.0,0.7974687833336467,0.0,0.030470472340225558,0.0,0.02306988738392857,0.0,15.343104209438271,0.0,0.07536230315979116,0.06954631590866724,0.0816220007868023
21.482593037214883,35.0,0.9126542914729895,0,28.921992481203006,0.0,0.40064194311278195,0.0,0.7974687833336467,0.0,0.030470472340225558,0.0,0.02306988738392857,0.0,15.343104209438271,0.0,0.07596756551215007,0.07009312321021394,0.08229077140458604
21.60144057623049,35.0,0.9126542914729895,0,28.921992481203006,0.0,0.40064194311278195,0.0,0.7974687833336467,0.0,0.030470472340225558,0.0,0.02306988738392857,0.0,15.343104209438271,0.0,0.07658992788094847,0.07065751069208924,0.0829759603994925
21.7202881152461,35.0,0.9126542914729895,0,28.921992481203006,0.0,0.40064194311278195,0.0,0.7974687833336467,0.0,0.030470472340225558,0.0,0.02306988738392857,0.0,15.343104209438271,0.0,0.07722958710830244,0.07124042147935558,0.08367689680017881
21.839135654261703,35.0,0.9126542914729895,0,28.921992481203006,0.0,0.40064194311278195,0.0,0.7974687833336467,0.0,0.030470472340225558,0.0,0.02306988738392857,0.0,15.343104209438271,0.0,0.07788674575682915,0.07184279100886815,0.08439293122421529
21.95798319327731,35.0,0.9126542914729895,0,28.921992481203006,0.0,0.40064194311278195,0.0,0.7974687833336467,0.0,0.030470472340225558,0.0,0.02306988738392857,0.0,15.343104209438271,0.0,0.07856160949362045,0.07246551129472317,0.08512347233630799
22.07683073229292,35.0,0.9126542914729895,0,28.921992481203006,0.0,0.40064194311278195,0.0,0.7974687833336467,0.0,0.030470472340225558,0.0,0.02306988738392857,0.0,15.343104209438271,0.0,0.07925434142379903,0.07310913924736925,0.08586822720798674
22.195678271308523,35.0,0.9126542914729895,0,28.921992481203006,0.0,0.40064194311278195,0.0,0.7974687833336467,0.0,0.030470472340225558,0.0,0.02306988738392857,0.0,15.343104209438271,0.0,0.07996506578078151,0.07377388311211824,0.08662722515389613
22.314525810324128,35.0,0.9126542914729895,0,28.921992481203006,0.0,0.40064194311278195,0.0,0.7974687833336467,0.0,0.030470472340225558,0.0,0.02306988738392857,0.0,15.343104209438271,0.0,0.08069390767357583,0.07445982421540356,0.0874006461423466
22.433373349339735,35.0,0.9126542914729895,0,28.921992481203006,0.0,0.40064194311278195,0.0,0.7974687833336467,0.0,0.030470472340225558,0.0,0.02306988738392857,0.0,15.343104209438271,0.0,0.08144099428474547,0.07516692553511543,0.08818881305628617
22.552220888355343,35.0,0.9126542914729895,0,28.921992481203006,0.0,0.40064194311278195,0.0,0.7974687833336467,0.0,0.030470472340225558,0.0,0.02306988738392857,0.0,15.343104209438271,0.0,0.08220645463082882,0.07589503070928284,0.0889921917239403
22.671068427370948,35.0,0.9126542914729895,0,28.921992481203006,0.0,0.40064194311278195,0.0,0.7974687833336467,0.0,0.030470472340225558,0.0,0.02306988738392857,0.0,15.343104209438271,0.0,0.08299041931838212,0.07664386181449091,0.08981139217769413
22.789915966386552,35.0,0.9126542914729895,0,28.921992481203006,0.0,0.40064194311278195,0.0,0.7974687833336467,0.0,0.030470472340225558,0.0,0.02306988738392857,0.0,15.343104209438271,0.0,0.08379302029542039,0.0774130161867081,0.09064717086473537
22.90876350540216,35.0,0.9126542914729895,0,28.921992481203006,0.0,0.40064194311278195,0.0,0.7974687833336467,0.0,0.030470472340225558,0.0,0.02306988738392857,0.0,15.343104209438271,0.0,0.08461439059804239,0.07820196263395343,0.09150043345631885
23.027611044417768,35.0,0.9126542914729895,0,28.921992481203006,0.0,0.40064194311278195,0.0,0.7974687833336467,0.0,0.030470472340225558,0.0,0.02306988738392857,0.0,15.343104209438271,0.0,0.08545466409204167,0.07901003747885081,0.09237223781400723
23.146458583433372,35.0,0.9126542914729895,0,28.921992481203006,0.0,0.40064194311278195,0.0,0.7974687833336467,0.0,0.030470472340225558,0.0,0.02306988738392857,0.0,15.343104209438271,0.0,0.08631397520931952,0.07983644096917049,0.09326379657128933
23.26530612244898,35.0,0.9126542914729895,0,28.921992481203006,0.0,0.40064194311278195,0.0,0.7974687833336467,0.0,0.030470472340225558,0.0,0.02306988738392857,0.0,15.343104209438271,0.0,0.0871924586789301,0.08068023470147985,0.09417647868206207
23.384153661464588,35.0,0.9126542914729895,0,28.921992481203006,0.0,0.40064194311278195,0.0,0.7974687833336467,0.0,0.030470472340225558,0.0,0.02306988738392857,0.0,15.343104209438271,0.0,0.0880902492526038,0.08154034080732678,0.09511180918326918
23.503001200480192,35.0,0.9126542914729895,0,28.921992481203006,0.0,0.40064194311278195,0.0,0.7974687833336467,0.0,0.030470472340225558,0.0,0.02306988738392857,0.0,15.343104209438271,0.0,0.08900748142461305,0.08241554373702309,0.09607146633346192
23.621848739495796,35.0,0.9126542914729895,0,28.921992481203006,0.0,0.40064194311278195,0.0,0.7974687833336467,0.0,0.030470472340225558,0.0,0.02306988738392857,0.0,15.343104209438271,0.0,0.08994428914585856,0.08330449552051104,0.09705727524474403
23.740696278511404,35.0,0.9126542914729895,0,28.921992481203006,0.0,0.40064194311278195,0.0,0.7974687833336467,0.0,0.030470472340225558,0.0,0.02306988738392857,0.0,15.343104209438271,0.0,0.09090080553207457,0.08420572535986788,0.09807119715062217
23.859543817527012,35.0,0.9126542914729895,0,28.921992481203006,0.0,0.40064194311278195,0.0,0.7974687833336467,0.0,0.030470472340225558,0.0,0.02306988738392857,0.0,15.343104209438271,0.0,0.09187716256606855,0.08511765428340103,0.09911531357701388
23.978391356542616,35.0,0.9126542914729895,0,28.921992481203006,0.0,0.40064194311278195,0.0,0.7974687833336467,0.0,0.030470472340225558,0.0,0.02306988738392857,0.0,15.343104209438271,0.0,0.09287349079393029,0.0860386153408197,0.1001918049342765
24.09723889555822,35.0,0.9126542914729895,0,28.921992481203006,0.0,0.40064194311278195,0.0,0.7974687833336467,0.0,0.030470472340225558,0.0,0.02306988738392857,0.0,15.343104209438271,0.0,0.09388991901516479,0.08696687942976851,0.10130292343747029
24.21608643457383,35.0,0.9126542914729895,0,28.921992481203006,0.0,0.40064194311278195,0.0,0.7974687833336467,0.0,0.030470472340225558,0.0,0.02306988738392857,0.0,15.343104209438271,0.0,0.09492657396672526,0.08790068632707361,0.10245096077916957
24.334933973589436,35.0,0.9126542914729895,0,28.921992481203006,0.0,0.40064194311278195,0.0,0.7974687833336467,0.0,0.030470472340225558,0.0,0.02306988738392857,0.0,15.343104209438271,0.0,0.09598358000094075,0.08883827989696275,0.1036382115803969
24.45378151260504,35.0,0.9126542914729895,0,28.921992481203006,0.0,0.40064194311278195,0.0,0.7974687833336467,0.0,0.030470472340225558,0.0,0.02306988738392857,0.0,15.343104209438271,0.0,0.0970610587573593,0.08977794584168232,0.10486693425228633
24.57262905162065,35.0,0.9126542914729895,0,28.921992481203006,0.0,0.40064194311278195,0.0,0.7974687833336467,0.0,0.030470472340225558,0.0,0.02306988738392857,0.0,15.343104209438271,0.0,0.09815912882854691,0.09071804985208207,0.10613931140913575
24.691476590636256,35.0,0.9126542914729895,0,28.921992481203006,0.0,0.40064194311278195,0.0,0.7974687833336467,0.0,0.030470472340225558,0.0,0.02306988738392857,0.0,15.343104209438271,0.0,0.09927790541990594,0.09165707371716228,0.10745741227229871
24.81032412965186,35.0,0.9126542914729895,0,28.921992481203006,0.0,0.40064194311278195,0.0,0.7974687833336467,0.0,0.030470472340225558,0.0,0.02306988738392857,0.0,15.343104209438271,0.0,0.10041750000360478,0.09259364694872224,0.10882315950746578
24.929171668667465,35.0,0.9126542914729895,0,28.921992481203006,0.0,0.40064194311278195,0.0,0.7974687833336467,0.0,0.030470472340225558,0.0,0.02306988738392857,0.0,15.343104209438271,0.0,0.1015780199667296,0.09352657180370122,0.11023830261167271
25.048019207683073,35.0,0.9126542914729895,0,28.921992481203006,0.0,0.40064194311278195,0.0,0.7974687833336467,0.0,0.030470472340225558,0.0,0.02306988738392857,0.0,15.343104209438271,0.0,0.10275956825379946,0.0944548402065131,0.11170439934694162
25.16686674669868,35.0,0.9126542914729895,0,28.921992481203006,0.0,0.40064194311278195,0.0,0.7974687833336467,0.0,0.030470472340225558,0.0,0.02306988738392857,0.0,15.343104209438271,0.0,0.10396224300380962,0.09537764188478358,0.1132228059066331
25.285714285714285,35.0,0.9126542914729895,0,28.921992481203006,0.0,0.40064194311278195,0.0,0.7974687833336467,0.0,0.030470472340225558,0.0,0.02306988738392857,0.0,15.343104209438271,0.0,0.10518613718199535,0.0962943638920837,0.1147946756407111
11.142857142857142,40.0,2.5922714451432993,0,28.921992481203006,0.0,0.40064194311278195,0.0,0.7974687833336467,0.0,0.030470472340225558,0.0,0.02306988738392857,0.0,15.343104209438271,0.0,0.04515089655192387,0.03890710748333703,0.05234211518150626
11.261704681872748,40.0,2.5922714451432993,0,28.921992481203006,0.0,0.40064194311278195,0.0,0.7974687833336467,0.0,0.030470472340225558,0.0,0.02306988738392857,0.0,15.343104209438271,0.0,0.045498920100617436,0.03926849780547429,0.05266368667732757
11.380552220888354,40.0,2.5922714451432993,0,28.921992481203006,0.0,0.40064194311278195,0.0,0.7974687833336467,0.0,0.030470472340225558,0.0,0.02306988738392857,0.0,15.343104209438271,0.0,0.045848596213122615,0.03962838486475269,0.05299128118524922
11.49939975990396,40.0,2.5922714451432993,0,28.921992481203006,0.0,0.40064194311278195,0.0,0.7974687833336467,0.0,0.030470472340225558,0.0,0.02306988738392857,0.0,15.343104209438271,0.0,0.04619950963569432,0.03998617000130723,0.05332469485882096
11.618247298919567,40.0,2.5922714451432993,0,28.921992481203006,0.0,0.40064194311278195,0.0,0.7974687833336467,0.0,0.030470472340225558,0.0,0.02306988738392857,0.0,15.343104209438271,0.0,0.04655123302486213,0.0403412782783039,0.053663664950618424
11.737094837935174,40.0,2.5922714451432993,0,28.921992481203006,0.0,0.40064194311278195,0.0,0.7974687833336467,0.0,0.030470472340225558,0.0,0.02306988738392857,0.0,15.343104209438271,0.0,0.04690332688484176,0.04069316235823056,0.05400786560261431
11.85594237695078,40.0,2.5922714451432993,0,28.921992481203006,0.0,0.40064194311278195,0.0,0.7974687833336467,0.0,0.030470472340225558,0.0,0.02306988738392857,0.0,15.343104209438271,0.0,0.04725533954391651,0.04104130588187473,0.054356904293149814
11.974789915966387,40.0,2.5922714451432993,0,28.921992481203006,0.0,0.40064194311278195,0.0,0.7974687833336467,0.0,0.030470472340225558,0.0,0.02306988738392857,0.0,15.343104209438271,0.0,0.04760680717141465,0.04138522622344485,0.054710319076759786
12.093637454981993,40.0,2.5922714451432993,0,28.921992481203006,0.0,0.40064194311278195,0.0,0.7974687833336467,0.0,0.030470472340225558,0.0,0.02306988738392857,0.0,15.343104209438271,0.0,0.047957253836896384,0.04172447651403428,0.0550675767342821
12.212484993997599,40.0,2.5922714451432993,0,28.921992481203006,0.0,0.40064194311278195,0.0,0.7974687833336467,0.0,0.030470472340225558,0.0,0.02306988738392857,0.0,15.343104209438271,0.0,0.04830619161314153,0.042058646850601435,0.0554280719255427
12.331332533013205,40.0,2.5922714451432993,0,28.921992481203006,0.0,0.40064194311278195,0.0,0.7974687833336467,0.0,0.030470472340225558,0.0,0.02306988738392857,0.0,15.343104209438271,0.0,0.048653120724498164,0.04238736463711433,0.05579112740718623
12.450180072028811,40.0,2.5922714451432993,0,28.921992481203006,0.0,0.40064194311278195,0.0,0.7974687833336467,0.0,0.030470472340225558,0.0,0.02306988738392857,0.0,15.343104209438271,0.0,0.04899752974210934,0.042710294036264536,0.05615599534612277
12.569027611044417,40.0,2.5922714451432993,0,28.921992481203006,0.0,0.40064194311278195,0.0,0.7974687833336467,0.0,0.030470472340225558,0.0,0.02306988738392857,0.0,15.343104209438271,0.0,0.049338895827484706,0.043027134541741785,0.056521859727048235
12.687875150060023,40.0,2.5922714451432993,0,28.921992481203006,0.0,0.40064194311278195,0.0,0.7974687833336467,0.0,0.030470472340225558,0.0,0.02306988738392857,0.0,15.343104209438271,0.0,0.049676685025819456,0.043337618710056314,0.05688783982296973
12.80672268907563,40.0,2.5922714451432993,0,28.921992481203006,0.0,0.40064194311278195,0.0,0.7974687833336467,0.0,0.030470472340225558,0.0,0.02306988738392857,0.0,15.343104209438271,0.0,0.05001035261039145,0.04364150911520745,0.057252994672737784
12.925570228091235,40.0,2.5922714451432993,0,28.921992481203006,0.0,0.40064194311278195,0.0,0.7974687833336467,0.0,0.030470472340225558,0.0,0.02306988738392857,0.0,15.343104209438271,0.0,0.05033934347928191,0.043938594607547087,0.05761632849081349
13.044417767106843,40.0,2.5922714451432993,0,28.921992481203006,0.0,0.40064194311278195,0.0,0.7974687833336467,0.0,0.030470472340225558,0.0,0.02306988738392857,0.0,15.343104209438271,0.0,0.05066309260557136,0.04422868596907335,0.05797679692279584
13.163265306122447,40.0,2.5922714451432993,0,28.921992481203006,0.0,0.40064194311278195,0.0,0.7974687833336467,0.0,0.030470472340225558,0.0,0.02306988738392857,0.0,15.343104209438271,0.0,0.05098102554205424,0.04451161106089361,0.058333314055808994
13.282112845138055,40.0,2.5922714451432993,0,28.921992481203006,0.0,0.40064194311278195,0.0,0.7974687833336467,0.0,0.030470472340225558,0.0,0.02306988738392857,0.0,15.343104209438271,0.0,0.05129255898140051,0.04478720955514386,0.058684760095288634
13.400960384153661,40.0,2.5922714451432993,0,28.921992481203006,0.0,0.40064194311278195,0.0,0.7974687833336467,0.0,0.030470472340225558,0.0,0.02306988738392857,0.0,15.343104209438271,0.0,0.0515971013725614,0.04505532733417107,0.059029989628067644
13.519807923169267,40.0,2.5922714451432993,0,28.921992481203006,0.0,0.40064194311278195,0.0,0.7974687833336467,0.0,0.030470472340225558,0.0,0.02306988738392857,0.0,15.343104209438271,0.0,0.05189405359407849,0.04531581062555039,0.05936784040468768
13.638655462184873,40.0,2.5922714451432993,0,28.921992481203006,0.0,0.40064194311278195,0.0,0.7974687833336467,0.0,0.030470472340225558,0.0,0.02306988738392857,0.0,15.343104209438271,0.0,0.052182809684802496,0.045568499923960046,0.05969714259010402
13.75750300120048,40.0,2.5922714451432993,0,28.921992481203006,0.0,0.40064194311278195,0.0,0.7974687833336467,0.0,0.030470472340225558,0.0,0.02306988738392857,0.0,15.343104209438271,0.0,0.05246275763236674,0.04581322373153768,0.06001672844995307
13.876350540216086,40.0,2.5922714451432993,0,28.921992481203006,0.0,0.40064194311278195,0.0,0.7974687833336467,0.0,0.030470472340225558,0.0,0.02306988738392857,0.0,15.343104209438271,0.0,0.052733280219586134,0.046049792128460776,0.06032544245794422
13.995198079231692,40.0,2.5922714451432993,0,28.921992481203006,0.0,0.40064194311278195,0.0,0.7974687833336467,0.0,0.030470472340225558,0.0,0.02306988738392857,0.0,15.343104209438271,0.0,0.05299375592876897,0.04627799016636267,0.06062215182749781
14.114045618247298,40.0,2.5922714451432993,0,28.921992481203006,0.0,0.40064194311278195,0.0,0.7974687833336467,0.0,0.030470472340225558,0.0,0.02306988738392857,0.0,15.343104209438271,0.0,0.053243559903732716,0.046497571059881844,0.06090575748640832
14.232893157262904,40.0,2.5922714451432993,0,28.921992481203006,0.0,0.40064194311278195,0.0,0.7974687833336467,0.0,0.030470472340225558,0.0,0.02306988738392857,0.0,15.343104209438271,0.0,0.05348206496911086,0.04670824913711409,0.06117520552611188
14.351740696278512,40.0,2.5922714451432993,0,28.921992481203006,0.0,0.40064194311278195,0.0,0.7974687833336467,0.0,0.030470472340225558,0.0,0.02306988738392857,0.0,15.343104209438271,0.0,0.05370864270632048,0.04690969249892562,0.06142949916614267
14.470588235294116,40.0,2.5922714451432993,0,28.921992481203006,0.0,0.40064194311278195,0.0,0.7974687833336467,0.0,0.030470472340225558,0.0,0.02306988738392857,0.0,15.343104209438271,0.0,0.05392266458533667,0.047101515331012006,0.06166771127857174
14.589435774309724,40.0,2.5922714451432993,0,28.921992481203006,0.0,0.40064194311278195,0.0,0.7974687833336467,0.0,0.030470472340225558,0.0,0.02306988738392857,0.0,15.343104209438271,0.0,0.05412352355828891,0.047283284938231,0.06188902430781546
14.70828331332533,40.0,2.5922714451432993,0,28.921992481203006,0.0,0.40064194311278195,0.0,0.7974687833336467,0.0,0.030470472340225558,0.0,0.02306988738392857,0.0,15.343104209438271,0.0,0.05431121190563876,0.04745494343653084,0.06209349733450908
14.827130852340936,40.0,2.5922714451432993,0,28.921992481203006,0.0,0.40064194311278195,0.0,0.7974687833336467,0.0,0.030470472340225558,0.0,0.02306988738392857,0.0,15.343104209438271,0.0,0.05448641134691054,0.047616883632958226,0.06228217230597541
14.945978391356542,40.0,2.5922714451432993,0,28.921992481203006,0.0,0.40064194311278195,0.0,0.7974687833336467,0.0,0.030470472340225558,0.0,0.02306988738392857,0.0,15.343104209438271,0.0,0.05464985874969289,0.04776949422463403,0.06245622119746638
15.064825930372148,40.0,2.5922714451432993,0,28.921992481203006,0.0,0.40064194311278195,0.0,0.7974687833336467,0.0,0.030470472340225558,0.0,0.02306988738392857,0.0,15.343104209438271,0.0,0.05480230821075387,0.04791314445712334,0.06261687957279073
15.183673469387754,40.0,2.5922714451432993,0,28.921992481203006,0.0,0.40064194311278195,0.0,0.7974687833336467,0.0,0.030470472340225558,0.0,0.02306988738392857,0.0,15.343104209438271,0.0,0.054944529459427245,0.04804819501118282,0.06276542878436535
15.30252100840336,40.0,2.5922714451432993,0,28.921992481203006,0.0,0.40064194311278195,0.0,0.7974687833336467,0.0,0.030470472340225558,0.0,0.02306988738392857,0.0,15.343104209438271,0.0,0.055077306357597895,0.0481750083451559,0.06290317916805602
15.421368547418968,40.0,2.5922714451432993,0,28.921992481203006,0.0,0.40064194311278195,0.0,0.7974687833336467,0.0,0.030470472340225558,0.0,0.02306988738392857,0.0,15.343104209438271,0.0,0.05520143550095311,0.04829395846654418,0.06303145428644288
15.540216086434572,40.0,2.5922714451432993,0,28.921992481203006,0.0,0.40064194311278195,0.0,0.7974687833336467,0.0,0.030470472340225558,0.0,0.02306988738392857,0.0,15.343104209438271,0.0,0.05531772492565038,0.04840544008461659,0.06315157629125914
15.65906362545018,40.0,2.5922714451432993,0,28.921992481203006,0.0,0.40064194311278195,0.0,0.7974687833336467,0.0,0.030470472340225558,0.0,0.02306988738392857,0.0,15.343104209438271,0.0,0.055426992924073167,0.048509877075545584,0.06326485249191528
15.777911164465785,40.0,2.5922714451432993,0,28.921992481203006,0.0,0.40064194311278195,0.0,0.7974687833336467,0.0,0.030470472340225558,0.0,0.02306988738392857,0.0,15.343104209438271,0.0,0.05553006697290284,0.048607730174974995,0.06337256322975916
15.896758703481392,40.0,2.5922714451432993,0,28.921992481203006,0.0,0.40064194311278195,0.0,0.7974687833336467,0.0,0.030470472340225558,0.0,0.02306988738392857,0.0,15.343104209438271,0.0,0.05562778277633283,0.04869950380219537,0.06347595116498639
16.015606242497,40.0,2.5922714451432993,0,28.921992481203006,0.0,0.40064194311278195,0.0,0.7974687833336467,0.0,0.030470472340225558,0.0,0.02306988738392857,0.0,15.343104209438271,0.0,0.0557209834268864,0.048785751916751136,0.06357621208338882
16.134453781512605,40.0,2.5922714451432993,0,28.921992481203006,0.0,0.40064194311278195,0.0,0.7974687833336467,0.0,0.030470472340225558,0.0,0.02306988738392857,0.0,15.343104209438271,0.0,0.05581051868597833,0.048867082813213704,0.06367448732254669
16.25330132052821,40.0,2.5922714451432993,0,28.921992481203006,0.0,0.40064194311278195,0.0,0.7974687833336467,0.0,0.030470472340225558,0.0,0.02306988738392857,0.0,15.343104209438271,0.0,0.05589724438608097,0.048944162773108556,0.06377185790154649
16.372148859543817,40.0,2.5922714451432993,0,28.921992481203006,0.0,0.40064194311278195,0.0,0.7974687833336467,0.0,0.030470472340225558,0.0,0.02306988738392857,0.0,15.343104209438271,0.0,0.055982021956117796,0.04901771851385352,0.06386934041558151
16.490996398559425,40.0,2.5922714451432993,0,28.921992481203006,0.0,0.40064194311278195,0.0,0.7974687833336467,0.0,0.030470472340225558,0.0,0.02306988738392857,0.0,15.343104209438271,0.0,0.05606571807151519,0.04908853840148189,0.06396788472843178
16.60984393757503,40.0,2.5922714451432993,0,28.921992481203006,0.0,0.40064194311278195,0.0,0.7974687833336467,0.0,0.030470472340225558,0.0,0.02306988738392857,0.0,15.343104209438271,0.0,0.056149204430193334,0.04915747242463306,0.06406837346408283
16.728691476590637,40.0,2.5922714451432993,0,28.921992481203006,0.0,0.40064194311278195,0.0,0.7974687833336467,0.0,0.030470472340225558,0.0,0.02306988738392857,0.0,15.343104209438271,0.0,0.05623335765567437,0.04922543095904043,0.06417162326638372
16.84753901560624,40.0,2.5922714451432993,0,28.921992481203006,0.0,0.40064194311278195,0.0,0.7974687833336467,0.0,0.030470472340225558,0.0,0.02306988738392857,0.0,15.343104209438271,0.0,0.056319059328424646,0.049293382381565186,0.06427838776562099
16.96638655462185,40.0,2.5922714451432993,0,28.921992481203006,0.0,0.40064194311278195,0.0,0.7974687833336467,0.0,0.030470472340225558,0.0,0.02306988738392857,0.0,15.343104209438271,0.0,0.05640719614653624,0.04936234961784666,0.06438936216608081
17.085234093637453,40.0,2.5922714451432993,0,28.921992481203006,0.0,0.40064194311278195,0.0,0.7974687833336467,0.0,0.030470472340225558,0.0,0.02306988738392857,0.0,15.343104209438271,0.0,0.056498660216884176,0.04943340572537072,0.0645051893515605
17.20408163265306,40.0,2.5922714451432993,0,28.921992481203006,0.0,0.40064194311278195,0.0,0.7974687833336467,0.0,0.030470472340225558,0.0,0.02306988738392857,0.0,15.343104209438271,0.0,0.05659434947797333,0.0495076686223029,0.06462646739827911
17.32292917166867,40.0,2.5922714451432993,0,28.921992481203006,0.0,0.40064194311278195,0.0,0.7974687833336467,0.0,0.030470472340225558,0.0,0.02306988738392857,0.0,15.343104209438271,0.0,0.056695168255815685,0.049586295070635854,0.0647537583878801
17.441776710684273,40.0,2.5922714451432993,0,28.921992481203006,0.0,0.40064194311278195,0.0,0.7974687833336467,0.0,0.030470472340225558,0.0,0.02306988738392857,0.0,15.343104209438271,0.0,0.05680202795434803,0.04967047400963626,0.06488759842763425
17.560624249699877,40.0,2.5922714451432993,0,28.921992481203006,0.0,0.40064194311278195,0.0,0.7974687833336467,0.0,0.030470472340225558,0.0,0.02306988738392857,0.0,15.343104209438271,0.0,0.05691584788212179,0.049761419312510484,0.06502850881028967
17.679471788715485,40.0,2.5922714451432993,0,28.921992481203006,0.0,0.40064194311278195,0.0,0.7974687833336467,0.0,0.030470472340225558,0.0,0.02306988738392857,0.0,15.343104209438271,0.0,0.05703755621726192,0.04986036200641092,0.06517700828149647
17.798319327731093,40.0,2.5922714451432993,0,28.921992481203006,0.0,0.40064194311278195,0.0,0.7974687833336467,0.0,0.030470472340225558,0.0,0.02306988738392857,0.0,15.343104209438271,0.0,0.0571680911130082,0.04996854195450594,0.06533362642724344
17.917166866746697,40.0,2.5922714451432993,0,28.921992481203006,0.0,0.40064194311278195,0.0,0.7974687833336467,0.0,0.030470472340225558,0.0,0.02306988738392857,0.0,15.343104209438271,0.0,0.057308401946518046,0.05008719895013115,0.0654989182459974
18.036014405762305,40.0,2.5922714451432993,0,28.921992481203006,0.0,0.40064194311278195,0.0,0.7974687833336467,0.0,0.030470472340225558,0.0,0.02306988738392857,0.0,15.343104209438271,0.0,0.05745945071402425,0.05021756311838244,0.0656734800288796
18.15486194477791,40.0,2.5922714451432993,0,28.921992481203006,0.0,0.40064194311278195,0.0,0.7974687833336467,0.0,0.030470472340225558,0.0,0.02306988738392857,0.0,15.343104209438271,0.0,0.05762221340669562,0.050360844244568374,0.06585796663025949
18.273709483793517,40.0,2.5922714451432993,0,28.921992481203006,0.0,0.40064194311278195,0.0,0.7974687833336467,0.0,0.030470472340225558,0.0,0.02306988738392857,0.0,15.343104209438271,0.0,0.05779746279511208,0.050517939822212206,0.06605297525698269
18.39255702280912,40.0,2.5922714451432993,0,28.921992481203006,0.0,0.40064194311278195,0.0,0.7974687833336467,0.0,0.030470472340225558,0.0,0.02306988738392857,0.0,15.343104209438271,0.0,0.057985335648253616,0.05068886959878426,0.06625879232582958
18.51140456182473,40.0,2.5922714451432993,0,28.921992481203006,0.0,0.40064194311278195,0.0,0.7974687833336467,0.0,0.030470472340225558,0.0,0.02306988738392857,0.0,15.343104209438271,0.0,0.058185856398517734,0.05087344986141138,0.06647571233205081
18.630252100840337,40.0,2.5922714451432993,0,28.921992481203006,0.0,0.40064194311278195,0.0,0.7974687833336467,0.0,0.030470472340225558,0.0,0.02306988738392857,0.0,15.343104209438271,0.0,0.05839905603130722,0.05107145623352542,0.06670409743222795
18.74909963985594,40.0,2.5922714451432993,0,28.921992481203006,0.0,0.40064194311278195,0.0,0.7974687833336467,0.0,0.030470472340225558,0.0,0.02306988738392857,0.0,15.343104209438271,0.0,0.058624972006369326,0.0512826335877657,0.06694436410073931
18.867947178871546,40.0,2.5922714451432993,0,28.921992481203006,0.0,0.40064194311278195,0.0,0.7974687833336467,0.0,0.030470472340225558,0.0,0.02306988738392857,0.0,15.343104209438271,0.0,0.058863648183706214,0.051506705252786486,0.06719697071666474
18.986794717887154,40.0,2.5922714451432993,0,28.921992481203006,0.0,0.40064194311278195,0.0,0.7974687833336467,0.0,0.030470472340225558,0.0,0.02306988738392857,0.0,15.343104209438271,0.0,0.05911513475383496,0.051743381658272164,0.06746240592967966
19.10564225690276,40.0,2.5922714451432993,0,28.921992481203006,0.0,0.40064194311278195,0.0,0.7974687833336467,0.0,0.030470472340225558,0.0,0.02306988738392857,0.0,15.343104209438271,0.0,0.05937948817218029,0.05199236852935123,0.06774117768784339
19.224489795918366,40.0,2.5922714451432993,0,28.921992481203006,0.0,0.40064194311278195,0.0,0.7974687833336467,0.0,0.030470472340225558,0.0,0.02306988738392857,0.0,15.343104209438271,0.0,0.05965677109738795,0.052253374707497226,0.06803380284550999
19.34333733493397,40.0,2.5922714451432993,0,28.921992481203006,0.0,0.40064194311278195,0.0,0.7974687833336467,0.0,0.030470472340225558,0.0,0.02306988738392857,0.0,15.343104209438271,0.0,0.059947052333349446,0.052526119641109294,0.06834079730468792
19.46218487394958,40.0,2.5922714451432993,0,28.921992481203006,0.0,0.40064194311278195,0.0,0.7974687833336467,0.0,0.030470472340225558,0.0,0.02306988738392857,0.0,15.343104209438271,0.0,0.06025040677473259,0.052810340556381605,0.06866266667694934
19.581032412965186,40.0,2.5922714451432993,0,28.921992481203006,0.0,0.40064194311278195,0.0,0.7974687833336467,0.0,0.030470472340225558,0.0,0.02306988738392857,0.0,15.343104209438271,0.0,0.060566915355816035,0.053105799288895125,0.06899989748434847
19.69987995198079,40.0,2.5922714451432993,0,28.921992481203006,0.0,0.40064194311278195,0.0,0.7974687833336467,0.0,0.030470472340225558,0.0,0.02306988738392857,0.0,15.343104209438271,0.0,0.060896665002427915,0.053412288729693974,0.06935294894565479
19.818727490996398,40.0,2.5922714451432993,0,28.921992481203006,0.0,0.40064194311278195,0.0,0.7974687833336467,0.0,0.030470472340225558,0.0,0.02306988738392857,0.0,15.343104209438271,0.0,0.06123974858679093,0.05372963881751923,0.06972224541746837
19.937575030012006,40.0,2.5922714451432993,0,28.921992481203006,0.0,0.40064194311278195,0.0,0.7974687833336467,0.0,0.030470472340225558,0.0,0.02306988738392857,0.0,15.343104209438271,0.0,0.06159626488507932,0.054057721992311764,0.07010816957751938
20.05642256902761,40.0,2.5922714451432993,0,28.921992481203006,0.0,0.40064194311278195,0.0,0.7974687833336467,0.0,0.030470472340225558,0.0,0.02306988738392857,0.0,15.343104209438271,0.0,0.06196631853749327,0.05439645801477493,0.07051105644894234
20.175270108043215,40.0,2.5922714451432993,0,28.921992481203006,0.0,0.40064194311278195,0.0,0.7974687833336467,0.0,0.030470472340225558,0.0,0.02306988738392857,0.0,15.343104209438271,0.0,0.062350020010659396,0.05474581805306458,0.07093118836921697
20.294117647058822,40.0,2.5922714451432993,0,28.921992481203006,0.0,0.40064194311278195,0.0,0.7974687833336467,0.0,0.030470472340225558,0.0,0.02306988738392857,0.0,15.343104209438271,0.0,0.06274748556216474,0.05510582794043579,0.0713687910058725
20.41296518607443,40.0,2.5922714451432993,0,28.921992481203006,0.0,0.40064194311278195,0.0,0.7974687833336467,0.0,0.030470472340225558,0.0,0.02306988738392857,0.0,15.343104209438271,0.0,0.06315883720703523,0.05547657051630112,0.07182403051361204
20.531812725090035,40.0,2.5922714451432993,0,28.921992481203006,0.0,0.40064194311278195,0.0,0.7974687833336467,0.0,0.030470472340225558,0.0,0.02306988738392857,0.0,15.343104209438271,0.0,0.06358420268596725,0.05585818697648021,0.07229701191535882
20.650660264105642,40.0,2.5922714451432993,0,28.921992481203006,0.0,0.40064194311278195,0.0,0.7974687833336467,0.0,0.030470472340225558,0.0,0.02306988738392857,0.0,15.343104209438271,0.0,0.0640237154351228,0.05625087717483533,0.07278777877449612
20.76950780312125,40.0,2.5922714451432993,0,28.921992481203006,0.0,0.40064194311278195,0.0,0.7974687833336467,0.0,0.030470472340225558,0.0,0.02306988738392857,0.0,15.343104209438271,0.0,0.06447751455729803,0.05665489883603204,0.07329631420920514
20.888355342136855,40.0,2.5922714451432993,0,28.921992481203006,0.0,0.40064194311278195,0.0,0.7974687833336467,0.0,0.030470472340225558,0.0,0.02306988738392857,0.0,15.343104209438271,0.0,0.06494574479427441,0.057070565655711815,0.0738225432844386
21.00720288115246,40.0,2.5922714451432993,0,28.921992481203006,0.0,0.40064194311278195,0.0,0.7974687833336467,0.0,0.030470472340225558,0.0,0.02306988738392857,0.0,15.343104209438271,0.0,0.06542855650016084,0.05749824427780602,0.07436633680480084
21.126050420168067,40.0,2.5922714451432993,0,28.921992481203006,0.0,0.40064194311278195,0.0,0.7974687833336467,0.0,0.030470472340225558,0.0,0.02306988738392857,0.0,15.343104209438271,0.0,0.06592610561553504,0.057938350147147155,0.07492751652435428
21.244897959183675,40.0,2.5922714451432993,0,28.921992481203006,0.0,0.40064194311278195,0.0,0.7974687833336467,0.0,0.030470472340225558,0.0,0.02306988738392857,0.0,15.343104209438271,0.0,0.06643855364218952,0.05839134223738385,0.07550586178868748
21.36374549819928,40.0,2.5922714451432993,0,28.921992481203006,0.0,0.40064194311278195,0.0,0.7974687833336467,0.0,0.030470472340225558,0.0,0.02306988738392857,0.0,15.343104209438271,0.0,0.06696606761828812,0.05885771664836648,0.07610111763158403
21.482593037214883,40.0,2.5922714451432993,0,28.921992481203006,0.0,0.40064194311278195,0.0,0.7974687833336467,0.0,0.030470472340225558,0.0,0.02306988738392857,0.0,15.343104209438271,0.0,0.06750882009373543,0.05933799905301879,0.0767130043639307
21.60144057623049,40.0,2.5922714451432993,0,28.921992481203006,0.0,0.40064194311278195,0.0,0.7974687833336467,0.0,0.030470472340225558,0.0,0.02306988738392857,0.0,15.343104209438271,0.0,0.06806698910556092,0.05983273595111173,0.07734122871624512
21.7202881152461,40.0,2.5922714451432993,0,28.921992481203006,0.0,0.40064194311278195,0.0,0.7974687833336467,0.0,0.030470472340225558,0.0,0.02306988738392857,0.0,15.343104209438271,0.0,0.06864075815311597,0.060342484656632236,0.07798549662804864
21.839135654261703,40.0,2.5922714451432993,0,28.921992481203006,0.0,0.40064194311278195,0.0,0.7974687833336467,0.0,0.030470472340225558,0.0,0.02306988738392857,0.0,15.343104209438271,0.0,0.06923031617288147,0.060867801907328135,0.0786455278165327
21.95798319327731,40.0,2.5922714451432993,0,28.921992481203006,0.0,0.40064194311278195,0.0,0.7974687833336467,0.0,0.030470472340225558,0.0,0.02306988738392857,0.0,15.343104209438271,0.0,0.06983585520284896,0.061409223014007516,0.07932107715210594
22.07683073229292,40.0,2.5922714451432993,0,28.921992481203006,0.0,0.40064194311278195,0.0,0.7974687833336467,0.0,0.030470472340225558,0.0,0.02306988738392857,0.0,15.343104209438271,0.0,0.07045752940728484,0.0619671041330495,0.08001204247482424
22.195678271308523,40.0,2.5922714451432993,0,28.921992481203006,0.0,0.40064194311278195,0.0,0.7974687833336467,0.0,0.030470472340225558,0.0,0.02306988738392857,0.0,15.343104209438271,0.0,0.07109545836481757,0.06254161242573332,0.08071848416555996
22.314525810324128,40.0,2.5922714451432993,0,28.921992481203006,0.0,0.40064194311278195,0.0,0.7974687833336467,0.0,0.030470472340225558,0.0,0.02306988738392857,0.0,15.343104209438271,0.0,0.0717497627299702,0.06313284322415699,0.08144055656334183
22.433373349339735,40.0,2.5922714451432993,0,28.921992481203006,0.0,0.40064194311278195,0.0,0.7974687833336467,0.0,0.030470472340225558,0.0,0.02306988738392857,0.0,15.343104209438271,0.0,0.0724205653147849,0.06374082461158641,0.08217850429031102
22.552220888355343,40.0,2.5922714451432993,0,28.921992481203006,0.0,0.40064194311278195,0.0,0.7974687833336467,0.0,0.030470472340225558,0.0,0.02306988738392857,0.0,15.343104209438271,0.0,0.07310799088062653,0.06436551733984845,0.08293266150731854
22.671068427370948,40.0,2.5922714451432993,0,28.921992481203006,0.0,0.40064194311278195,0.0,0.7974687833336467,0.0,0.030470472340225558,0.0,0.02306988738392857,0.0,15.343104209438271,0.0,0.07381216592598619,0.06500681446264911,0.08370345145355451
22.789915966386552,40.0,2.5922714451432993,0,28.921992481203006,0.0,0.40064194311278195,0.0,0.7974687833336467,0.0,0.030470472340225558,0.0,0.02306988738392857,0.0,15.343104209438271,0.0,0.07453321847005863,0.06566454076153574,0.08449138618996291
22.90876350540216,40.0,2.5922714451432993,0,28.921992481203006,0.0,0.40064194311278195,0.0,0.7974687833336467,0.0,0.030470472340225558,0.0,0.02306988738392857,0.0,15.343104209438271,0.0,0.07527127783187723,0.06633845205985148,0.08529706644764976
23.027611044417768,40.0,2.5922714451432993,0,28.921992481203006,0.0,0.40064194311278195,0.0,0.7974687833336467,0.0,0.030470472340225558,0.0,0.02306988738392857,0.0,15.343104209438271,0.0,0.07602647440480266,0.06702823453816663,0.08612118146444582
23.146458583433372,40.0,2.5922714451432993,0,28.921992481203006,0.0,0.40064194311278195,0.0,0.7974687833336467,0.0,0.030470472340225558,0.0,0.02306988738392857,0.0,15.343104209438271,0.0,0.07679893942617329,0.06773350418210444,0.08696450867543701
23.26530612244898,40.0,2.5922714451432993,0,28.921992481203006,0.0,0.40064194311278195,0.0,0.7974687833336467,0.0,0.030470472340225558,0.0,0.02306988738392857,0.0,15.343104209438271,0.0,0.07758880474193629,0.06845380650960775,0.08782791310722901
23.384153661464588,40.0,2.5922714451432993,0,28.921992481203006,0.0,0.40064194311278195,0.0,0.7974687833336467,0.0,0.030470472340225558,0.0,0.02306988738392857,0.0,15.343104209438271,0.0,0.07839620256609174,0.06918861673849624,0.08871234631199786
23.503001200480192,40.0,2.5922714451432993,0,28.921992481203006,0.0,0.40064194311278195,0.0,0.7974687833336467,0.0,0.030470472340225558,0.0,0.02306988738392857,0.0,15.343104209438271,0.0,0.079221265234797,0.0699373405651937,0.0896188446674396
23.621848739495796,40.0,2.5922714451432993,0,28.921992481203006,0.0,0.40064194311278195,0.0,0.7974687833336467,0.0,0.030470472340225558,0.0,0.02306988738392857,0.0,15.343104209438271,0.0,0.08006412495498913,0.07069931572992894,0.09054852686439488
23.740696278511404,40.0,2.5922714451432993,0,28.921992481203006,0.0,0.40064194311278195,0.0,0.7974687833336467,0.0,0.030470472340225558,0.0,0.02306988738392857,0.0,15.343104209438271,0.0,0.0809249135474012,0.0714738145404255,0.09150259040731597
23.859543817527012,40.0,2.5922714451432993,0,28.921992481203006,0.0,0.40064194311278195,0.0,0.7974687833336467,0.0,0.030470472340225558,0.0,0.02306988738392857,0.0,15.343104209438271,0.0,0.08180376218386083,0.07226004751287618,0.0924823069660614
23.978391356542616,40.0,2.5922714451432993,0,28.921992481203006,0.0,0.40064194311278195,0.0,0.7974687833336467,0.0,0.030470472340225558,0.0,0.02306988738392857,0.0,15.343104209438271,0.0,0.08270080111877694,0.07305716826381078,0.09348901644280268
24.09723889555822,40.0,2.5922714451432993,0,28.921992481203006,0.0,0.40064194311278195,0.0,0.7974687833336467,0.0,0.030470472340225558,0.0,0.02306988738392857,0.0,15.343104209438271,0.0,0.08361615941473556,0.07386427974780269,0.09452411965660772
24.21608643457383,40.0,2.5922714451432993,0,28.921992481203006,0.0,0.40064194311278195,0.0,0.7974687833336467,0.0,0.030470472340225558,0.0,0.02306988738392857,0.0,15.343104209438271,0.0,0.08454996466214451,0.07468044188327116,0.0955890696010812
24.334933973589436,40.0,2.5922714451432993,0,28.921992481203006,0.0,0.40064194311278195,0.0,0.7974687833336467,0.0,0.030470472340225558,0.0,0.02306988738392857,0.0,15.343104209438271,0.0,0.08550234269288219,0.07550468054275823,0.09668536129645473
24.45378151260504,40.0,2.5922714451432993,0,28.921992481203006,0.0,0.40064194311278195,0.0,0.7974687833336467,0.0,0.030470472340225558,0.0,0.02306988738392857,0.0,15.343104209438271,0.0,0.08647341728792673,0.07633599780758146,0.0978145203341488
24.57262905162065,40.0,2.5922714451432993,0,28.921992481203006,0.0,0.40064194311278195,0.0,0.7974687833336467,0.0,0.030470472340225558,0.0,0.02306988738392857,0.0,15.343104209438271,0.0,0.0874633098789601,0.07717338330417825,0.09897809029457193
24.691476590636256,40.0,2.5922714451432993,0,28.921992481203006,0.0,0.40064194311278195,0.0,0.7974687833336467,0.0,0.030470472340225558,0.0,0.02306988738392857,0.0,15.343104209438271,0.0,0.0884721392439594,0.07801582635708172,0.10017761930146775
24.81032412965186,40.0,2.5922714451432993,0,28.921992481203006,0.0,0.40064194311278195,0.0,0.7974687833336467,0.0,0.030470472340225558,0.0,0.02306988738392857,0.0,15.343104209438271,0.0,0.08950002119681355,0.07886232861895077,0.10141464605083335
24.929171668667465,40.0,2.5922714451432993,0,28.921992481203006,0.0,0.40064194311278195,0.0,0.7974687833336467,0.0,0.030470472340225558,0.0,0.02306988738392857,0.0,15.343104209438271,0.0,0.09054706827101824,0.07971191677955657,0.10269068571114315
25.048019207683073,40.0,2.5922714451432993,0,28.921992481203006,0.0,0.40064194311278195,0.0,0.7974687833336467,0.0,0.030470472340225558,0.0,0.02306988738392857,0.0,15.343104209438271,0.0,0.09161338939752983,0.08056365492063952,0.10400721612682703
25.16686674669868,40.0,2.5922714451432993,0,28.921992481203006,0.0,0.40064194311278195,0.0,0.7974687833336467,0.0,0.030470472340225558,0.0,0.02306988738392857,0.0,15.343104209438271,0.0,0.09269908957687764,0.08141665607774172,0.1053656647629874
25.285714285714285,40.0,2.5922714451432993,0,28.921992481203006,0.0,0.40064194311278195,0.0,0.7974687833336467,0.0,0.030470472340225558,0.0,0.02306988738392857,0.0,15.343104209438271,0.0,0.09380426954565972,0.08227009259620231,0.10676739680350918
